frame,fps,targets,target_0_data
598,10.02,1,"{'x': 0.6, 'y': 0.7, 'z': 0.8}"
599,10.02,1,"{'x': 0.7, 'y': 0.7, 'z': 0.8}"
600,10.07,1,"{'x': 0.7, 'y': 0.7, 'z': 0.8}"
601,9.84,1,"{'x': 0.7, 'y': 0.6, 'z': 0.7}"
602,10.14,1,"{'x': 0.7, 'y': 0.6, 'z': 0.8}"
603,10.02,1,"{'x': 0.7, 'y': 0.6, 'z': 0.8}"
604,10.02,1,"{'x': 0.7, 'y': 0.6, 'z': 0.7}"
605,10.01,1,"{'x': 0.7, 'y': 0.6, 'z': 0.7}"
606,9.95,1,"{'x': 0.7, 'y': 0.6, 'z': 0.7}"
607,10.08,1,"{'x': 0.7, 'y': 0.6, 'z': 0.8}"
608,9.95,1,"{'x': 0.7, 'y': 0.6, 'z': 0.7}"
609,10.08,1,"{'x': 0.7, 'y': 0.6, 'z': 0.7}"
610,10.02,1,"{'x': 0.7, 'y': 0.6, 'z': 0.7}"
611,10.01,1,"{'x': 0.7, 'y': 0.6, 'z': 0.8}"
612,10.07,1,"{'x': 0.7, 'y': 0.6, 'z': 0.7}"
613,9.95,1,"{'x': 0.7, 'y': 0.6, 'z': 0.8}"
614,10.03,1,"{'x': 0.6, 'y': 0.6, 'z': 0.7}"
615,10.01,1,"{'x': 0.7, 'y': 0.7, 'z': 0.7}"
616,10.02,1,"{'x': 0.7, 'y': 0.7, 'z': 0.6}"
617,10.01,1,"{'x': 0.7, 'y': 0.7, 'z': 0.6}"
618,10.02,1,"{'x': 0.7, 'y': 0.7, 'z': 0.6}"
619,10.0,1,"{'x': 0.7, 'y': 0.6, 'z': 0.7}"
620,10.02,1,"{'x': 0.6, 'y': 0.6, 'z': 0.7}"
621,10.02,1,"{'x': 0.7, 'y': 0.6, 'z': 0.7}"
622,10.07,1,"{'x': 0.7, 'y': 0.6, 'z': 0.7}"
623,9.95,1,"{'x': 0.7, 'y': 0.6, 'z': 0.7}"
624,9.97,1,"{'x': 0.7, 'y': 0.6, 'z': 0.7}"
625,10.01,1,"{'x': 0.7, 'y': 0.6, 'z': 0.6}"
626,9.88,1,"{'x': 0.7, 'y': 0.7, 'z': 0.6}"
627,10.22,1,"{'x': 0.7, 'y': 0.7, 'z': 0.6}"
628,10.06,1,"{'x': 0.7, 'y': 0.7, 'z': 0.6}"
629,9.97,1,"{'x': 0.7, 'y': 0.6, 'z': 0.6}"
630,10.01,1,"{'x': 0.7, 'y': 0.6, 'z': 0.6}"
631,10.02,1,"{'x': 0.7, 'y': 0.6, 'z': 0.7}"
632,10.02,1,"{'x': 0.7, 'y': 0.6, 'z': 0.7}"
633,10.01,1,"{'x': 0.7, 'y': 0.6, 'z': 0.8}"
634,10.01,1,"{'x': 0.7, 'y': 0.6, 'z': 0.8}"
635,10.0,1,"{'x': 0.7, 'y': 0.6, 'z': 0.7}"
636,9.91,1,"{'x': 0.7, 'y': 0.6, 'z': 0.7}"
637,10.13,1,"{'x': 0.7, 'y': 0.6, 'z': 0.7}"
638,9.95,1,"{'x': 0.7, 'y': 0.6, 'z': 0.7}"
639,10.03,1,"{'x': 0.6, 'y': 0.5, 'z': 0.7}"
640,10.02,1,"{'x': 0.5, 'y': 0.5, 'z': 0.9}"
641,9.95,1,"{'x': 0.4, 'y': 0.5, 'z': 1.0}"
642,10.02,1,"{'x': 0.4, 'y': 0.4, 'z': 1.1}"
643,10.01,1,"{'x': 0.4, 'y': 0.4, 'z': 1.1}"
644,10.02,1,"{'x': 0.4, 'y': 0.5, 'z': 1.2}"
645,10.01,1,"{'x': 0.4, 'y': 0.5, 'z': 1.2}"
646,10.02,1,"{'x': 0.4, 'y': 0.5, 'z': 1.2}"
647,9.94,1,"{'x': 0.4, 'y': 0.5, 'z': 1.3}"
648,10.13,1,"{'x': 0.4, 'y': 0.6, 'z': 1.3}"
649,9.95,1,"{'x': 0.5, 'y': 0.6, 'z': 1.3}"
650,10.06,1,"{'x': 0.5, 'y': 0.7, 'z': 1.3}"
651,9.82,1,"{'x': 0.5, 'y': 0.7, 'z': 1.3}"
652,10.14,1,"{'x': 0.5, 'y': 0.7, 'z': 1.3}"
653,10.02,1,"{'x': 0.5, 'y': 0.8, 'z': 1.2}"
654,10.14,1,"{'x': 0.5, 'y': 0.9, 'z': 1.1}"
655,9.95,1,"{'x': 0.5, 'y': 0.9, 'z': 1.2}"
656,9.95,1,"{'x': 0.4, 'y': 0.9, 'z': 1.2}"
657,10.0,1,"{'x': 0.4, 'y': 0.9, 'z': 1.3}"
658,10.0,1,"{'x': 0.4, 'y': 0.9, 'z': 1.3}"
659,10.05,1,"{'x': 0.3, 'y': 1.0, 'z': 0.8}"
660,10.01,1,"{'x': 0.3, 'y': 1.0, 'z': 1.0}"
661,9.96,1,"{'x': 0.3, 'y': 0.9, 'z': 1.1}"
662,10.08,1,"{'x': 0.2, 'y': 1.0, 'z': 1.1}"
663,10.07,1,"{'x': 0.5, 'y': 1.0, 'z': 0.8}"
664,9.96,1,"{'x': 0.3, 'y': 1.0, 'z': 1.0}"
665,10.07,1,"{'x': 0.2, 'y': 1.1, 'z': 1.0}"
666,10.02,1,"{'x': 0.2, 'y': 1.1, 'z': 1.1}"
667,10.06,1,"{'x': 0.3, 'y': 1.1, 'z': 0.7}"
668,10.05,1,"{'x': 0.4, 'y': 1.1, 'z': 0.8}"
669,10.01,1,"{'x': 0.6, 'y': 1.2, 'z': 0.7}"
670,10.02,1,"{'x': 0.6, 'y': 1.1, 'z': 0.8}"
671,9.95,1,"{'x': 0.6, 'y': 1.2, 'z': 0.8}"
672,10.08,1,"{'x': 0.5, 'y': 1.1, 'z': 0.9}"
673,9.95,1,"{'x': 0.3, 'y': 1.1, 'z': 1.3}"
674,10.01,1,"{'x': 0.2, 'y': 1.1, 'z': 1.4}"
675,10.08,1,"{'x': 0.5, 'y': 1.2, 'z': 0.9}"
676,9.89,1,"{'x': 0.6, 'y': 1.2, 'z': 0.6}"
677,10.14,1,"{'x': 0.7, 'y': 1.3, 'z': 0.5}"
678,10.06,1,"{'x': 0.7, 'y': 1.4, 'z': 0.4}"
679,9.9,1,"{'x': 0.8, 'y': 1.4, 'z': 0.4}"
680,9.95,1,"{'x': 0.6, 'y': 1.3, 'z': 0.5}"
681,10.13,1,"{'x': 0.5, 'y': 1.4, 'z': 0.7}"
682,9.99,1,"{'x': 0.1, 'y': 1.3, 'z': 1.0}"
683,10.06,1,"{'x': 0.0, 'y': 1.2, 'z': 1.0}"
684,10.02,1,"{'x': -0.1, 'y': 1.2, 'z': 1.1}"
685,10.02,1,"{'x': -0.2, 'y': 1.2, 'z': 1.2}"
686,9.95,1,"{'x': -0.2, 'y': 1.2, 'z': 1.1}"
687,10.01,1,"{'x': -0.3, 'y': 1.2, 'z': 1.1}"
688,10.02,1,"{'x': -0.3, 'y': 1.1, 'z': 1.2}"
689,10.01,1,"{'x': -0.3, 'y': 1.1, 'z': 1.3}"
690,10.0,1,"{'x': -0.3, 'y': 1.1, 'z': 1.4}"
691,9.97,1,"{'x': -0.4, 'y': 1.1, 'z': 1.4}"
692,9.95,1,"{'x': -0.4, 'y': 1.2, 'z': 1.4}"
693,10.08,1,"{'x': -0.5, 'y': 1.2, 'z': 1.4}"
694,9.95,1,"{'x': -0.5, 'y': 1.2, 'z': 1.4}"
695,10.14,1,"{'x': -0.5, 'y': 1.2, 'z': 1.5}"
696,9.95,1,"{'x': -0.6, 'y': 1.2, 'z': 1.4}"
697,10.02,1,"{'x': -0.6, 'y': 1.2, 'z': 1.4}"
698,10.01,1,"{'x': -0.6, 'y': 1.3, 'z': 1.4}"
699,10.0,1,"{'x': -0.6, 'y': 1.3, 'z': 1.4}"
700,10.16,1,"{'x': -0.6, 'y': 1.4, 'z': 1.3}"
701,9.83,1,"{'x': -0.7, 'y': 1.4, 'z': 1.2}"
702,10.13,1,"{'x': -0.6, 'y': 1.4, 'z': 1.4}"
703,10.09,1,"{'x': -0.7, 'y': 1.4, 'z': 1.4}"
704,9.95,1,"{'x': -0.7, 'y': 1.4, 'z': 1.3}"
705,9.94,1,"{'x': -0.7, 'y': 1.4, 'z': 1.3}"
706,10.03,1,"{'x': -0.7, 'y': 1.4, 'z': 1.2}"
707,10.08,1,"{'x': -0.7, 'y': 1.4, 'z': 1.2}"
708,9.95,1,"{'x': -0.6, 'y': 1.3, 'z': 1.3}"
709,10.02,1,"{'x': -0.6, 'y': 1.3, 'z': 1.3}"
710,10.01,1,"{'x': -0.7, 'y': 1.3, 'z': 1.3}"
711,10.08,1,"{'x': -0.7, 'y': 1.3, 'z': 1.3}"
712,9.94,1,"{'x': -0.7, 'y': 1.2, 'z': 1.4}"
713,9.99,1,"{'x': -0.7, 'y': 1.2, 'z': 1.4}"
714,10.07,1,"{'x': -0.7, 'y': 1.2, 'z': 1.4}"
715,10.02,1,"{'x': -0.7, 'y': 1.2, 'z': 1.4}"
716,10.0,1,"{'x': -0.7, 'y': 1.2, 'z': 1.4}"
717,10.03,1,"{'x': -0.7, 'y': 1.2, 'z': 1.3}"
718,10.08,1,"{'x': -0.7, 'y': 1.2, 'z': 1.4}"
719,10.01,1,"{'x': -0.7, 'y': 1.2, 'z': 1.4}"
720,9.96,1,"{'x': -0.7, 'y': 1.3, 'z': 1.3}"
721,10.0,1,"{'x': -0.7, 'y': 1.3, 'z': 1.4}"
722,10.0,1,"{'x': -0.7, 'y': 1.4, 'z': 1.4}"
723,10.0,1,"{'x': -0.7, 'y': 1.4, 'z': 1.4}"
724,10.06,1,"{'x': -0.7, 'y': 1.5, 'z': 1.4}"
725,10.02,1,"{'x': -0.6, 'y': 1.5, 'z': 1.4}"
726,9.89,1,"{'x': -0.6, 'y': 1.5, 'z': 1.1}"
727,10.07,1,"{'x': -0.6, 'y': 1.5, 'z': 1.1}"
728,10.08,1,"{'x': -0.6, 'y': 1.5, 'z': 1.3}"
729,10.02,1,"{'x': -0.5, 'y': 1.5, 'z': 1.3}"
730,10.08,1,"{'x': -0.5, 'y': 1.4, 'z': 1.2}"
731,10.01,1,"{'x': -0.5, 'y': 1.5, 'z': 1.3}"
732,10.02,1,"{'x': -0.4, 'y': 1.4, 'z': 1.3}"
733,9.96,1,"{'x': -0.4, 'y': 1.4, 'z': 1.2}"
734,10.08,1,"{'x': -0.3, 'y': 1.4, 'z': 1.2}"
735,10.08,1,"{'x': -0.3, 'y': 1.4, 'z': 1.3}"
736,9.95,1,"{'x': -0.3, 'y': 1.4, 'z': 1.3}"
737,10.01,1,"{'x': -0.3, 'y': 1.4, 'z': 1.3}"
738,10.02,1,"{'x': -0.3, 'y': 1.4, 'z': 1.3}"
739,10.0,1,"{'x': -0.2, 'y': 1.5, 'z': 1.2}"
740,10.0,1,"{'x': -0.2, 'y': 1.5, 'z': 1.3}"
741,10.06,1,"{'x': -0.2, 'y': 1.5, 'z': 1.3}"
742,10.01,1,"{'x': -0.2, 'y': 1.5, 'z': 1.3}"
743,10.02,1,"{'x': -0.2, 'y': 1.6, 'z': 1.4}"
744,10.0,1,"{'x': -0.1, 'y': 1.7, 'z': 1.3}"
745,10.06,1,"{'x': -0.1, 'y': 1.7, 'z': 1.3}"
746,9.93,1,"{'x': -0.1, 'y': 1.7, 'z': 1.2}"
747,10.06,1,"{'x': -0.1, 'y': 1.7, 'z': 1.2}"
748,10.1,1,"{'x': -0.1, 'y': 1.7, 'z': 1.3}"
749,9.95,1,"{'x': -0.0, 'y': 1.7, 'z': 1.3}"
750,10.08,1,"{'x': -0.0, 'y': 1.7, 'z': 1.3}"
751,9.89,1,"{'x': 0.0, 'y': 1.7, 'z': 1.2}"
752,10.08,1,"{'x': 0.1, 'y': 1.6, 'z': 1.2}"
753,10.01,1,"{'x': 0.1, 'y': 1.6, 'z': 1.2}"
754,10.08,1,"{'x': 0.0, 'y': 1.6, 'z': 1.3}"
755,9.95,1,"{'x': 0.1, 'y': 1.5, 'z': 1.2}"
756,9.96,1,"{'x': 0.1, 'y': 1.4, 'z': 1.3}"
757,10.01,1,"{'x': 0.2, 'y': 1.4, 'z': 1.3}"
758,10.14,1,"{'x': 0.2, 'y': 1.4, 'z': 1.2}"
759,9.88,1,"{'x': 0.2, 'y': 1.5, 'z': 0.8}"
760,10.03,1,"{'x': 0.2, 'y': 1.4, 'z': 1.2}"
761,10.0,1,"{'x': 0.2, 'y': 1.4, 'z': 1.1}"
762,10.1,1,"{'x': 0.2, 'y': 1.4, 'z': 1.3}"
763,9.95,1,"{'x': 0.2, 'y': 1.4, 'z': 1.3}"
764,10.01,1,"{'x': 0.2, 'y': 1.4, 'z': 1.3}"
765,9.96,1,"{'x': 0.2, 'y': 1.3, 'z': 1.3}"
766,9.96,1,"{'x': 0.3, 'y': 1.3, 'z': 1.3}"
767,10.06,1,"{'x': 0.3, 'y': 1.3, 'z': 1.3}"
768,10.03,1,"{'x': 0.3, 'y': 1.3, 'z': 1.3}"
769,10.08,1,"{'x': 0.3, 'y': 1.4, 'z': 1.0}"
770,10.08,1,"{'x': 0.3, 'y': 1.3, 'z': 1.2}"
771,9.95,1,"{'x': 0.3, 'y': 1.3, 'z': 1.2}"
772,10.02,1,"{'x': 0.3, 'y': 1.2, 'z': 1.3}"
773,9.95,1,"{'x': 0.4, 'y': 1.1, 'z': 1.4}"
774,10.08,1,"{'x': 0.3, 'y': 1.2, 'z': 1.1}"
775,9.95,1,"{'x': 0.3, 'y': 1.1, 'z': 1.3}"
776,9.95,1,"{'x': 0.3, 'y': 1.1, 'z': 1.4}"
777,10.08,1,"{'x': 0.3, 'y': 1.0, 'z': 1.4}"
778,10.06,1,"{'x': 0.2, 'y': 1.0, 'z': 1.4}"
779,9.97,1,"{'x': 0.2, 'y': 1.0, 'z': 1.4}"
780,10.01,1,"{'x': 0.2, 'y': 1.0, 'z': 1.5}"
781,10.08,1,"{'x': 0.2, 'y': 1.0, 'z': 1.5}"
782,10.02,1,"{'x': 0.2, 'y': 1.0, 'z': 1.5}"
783,10.02,1,"{'x': 0.2, 'y': 1.0, 'z': 1.5}"
784,10.07,1,"{'x': 0.2, 'y': 1.0, 'z': 1.5}"
785,9.96,1,"{'x': 0.2, 'y': 1.0, 'z': 1.5}"
786,10.01,1,"{'x': 0.2, 'y': 1.0, 'z': 1.4}"
787,10.06,1,"{'x': 0.2, 'y': 1.0, 'z': 1.5}"
788,9.99,1,"{'x': 0.2, 'y': 1.0, 'z': 1.5}"
789,10.07,1,"{'x': 0.2, 'y': 1.0, 'z': 1.4}"
790,10.02,1,"{'x': 0.2, 'y': 1.0, 'z': 1.4}"
791,10.0,1,"{'x': 0.2, 'y': 1.0, 'z': 1.4}"
792,9.97,1,"{'x': 0.2, 'y': 1.0, 'z': 1.4}"
793,10.01,1,"{'x': 0.1, 'y': 1.1, 'z': 1.2}"
794,10.08,1,"{'x': 0.1, 'y': 1.1, 'z': 1.4}"
795,10.01,1,"{'x': 0.1, 'y': 1.1, 'z': 1.4}"
796,9.89,1,"{'x': 0.0, 'y': 1.1, 'z': 1.4}"
797,10.01,1,"{'x': -0.0, 'y': 1.2, 'z': 1.4}"
798,10.01,1,"{'x': 0.1, 'y': 1.2, 'z': 1.0}"
799,10.08,1,"{'x': -0.0, 'y': 1.2, 'z': 1.2}"
800,10.01,1,"{'x': -0.1, 'y': 1.2, 'z': 1.3}"
801,9.87,1,"{'x': -0.2, 'y': 1.2, 'z': 1.4}"
802,10.18,1,"{'x': -0.3, 'y': 1.2, 'z': 1.3}"
803,9.94,1,"{'x': -0.3, 'y': 1.2, 'z': 1.3}"
804,10.08,1,"{'x': -0.3, 'y': 1.3, 'z': 1.1}"
805,10.08,1,"{'x': -0.3, 'y': 1.3, 'z': 1.1}"
806,9.95,1,"{'x': -0.4, 'y': 1.3, 'z': 1.1}"
807,9.96,1,"{'x': -0.4, 'y': 1.3, 'z': 1.2}"
808,9.96,1,"{'x': -0.5, 'y': 1.3, 'z': 1.3}"
809,10.07,1,"{'x': -0.5, 'y': 1.4, 'z': 1.4}"
810,10.02,1,"{'x': -0.5, 'y': 1.4, 'z': 1.3}"
811,10.08,1,"{'x': -0.6, 'y': 1.3, 'z': 1.2}"
812,9.93,1,"{'x': -0.6, 'y': 1.3, 'z': 1.2}"
813,10.04,1,"{'x': -0.6, 'y': 1.3, 'z': 1.2}"
814,10.06,1,"{'x': -0.6, 'y': 1.3, 'z': 1.2}"
815,9.91,1,"{'x': -0.6, 'y': 1.3, 'z': 1.2}"
816,10.02,1,"{'x': -0.6, 'y': 1.3, 'z': 1.3}"
817,10.13,1,"{'x': -0.7, 'y': 1.3, 'z': 1.4}"
818,9.97,1,"{'x': -0.7, 'y': 1.3, 'z': 1.3}"
819,10.08,1,"{'x': -0.7, 'y': 1.3, 'z': 1.3}"
820,10.0,1,"{'x': -0.7, 'y': 1.3, 'z': 1.3}"
821,10.03,1,"{'x': -0.7, 'y': 1.3, 'z': 1.3}"
822,10.02,1,"{'x': -0.8, 'y': 1.2, 'z': 1.2}"
823,10.01,1,"{'x': -0.8, 'y': 1.2, 'z': 1.3}"
824,10.08,1,"{'x': -0.8, 'y': 1.2, 'z': 1.3}"
825,10.0,1,"{'x': -0.8, 'y': 1.2, 'z': 1.3}"
826,9.87,1,"{'x': -0.8, 'y': 1.2, 'z': 1.2}"
827,10.18,1,"{'x': -0.8, 'y': 1.3, 'z': 1.2}"
828,9.95,1,"{'x': -0.9, 'y': 1.3, 'z': 1.2}"
829,10.15,1,"{'x': -0.9, 'y': 1.3, 'z': 1.2}"
830,9.95,1,"{'x': -0.9, 'y': 1.3, 'z': 1.2}"
831,10.01,1,"{'x': -0.9, 'y': 1.3, 'z': 1.2}"
832,10.07,1,"{'x': -0.9, 'y': 1.3, 'z': 1.2}"
833,9.85,1,"{'x': -0.9, 'y': 1.3, 'z': 1.2}"
834,10.01,1,"{'x': -0.9, 'y': 1.3, 'z': 1.3}"
835,10.14,1,"{'x': -0.9, 'y': 1.3, 'z': 1.3}"
836,10.02,1,"{'x': -0.9, 'y': 1.3, 'z': 1.3}"
837,10.01,1,"{'x': -0.9, 'y': 1.3, 'z': 1.3}"
838,9.96,1,"{'x': -0.9, 'y': 1.3, 'z': 1.3}"
839,10.01,1,"{'x': -0.9, 'y': 1.4, 'z': 1.4}"
840,10.07,1,"{'x': -0.9, 'y': 1.4, 'z': 1.2}"
841,9.97,1,"{'x': -0.9, 'y': 1.4, 'z': 1.1}"
842,9.95,1,"{'x': -0.8, 'y': 1.4, 'z': 0.9}"
843,10.02,1,"{'x': -0.8, 'y': 1.4, 'z': 1.0}"
844,10.02,1,"{'x': -0.8, 'y': 1.4, 'z': 1.1}"
845,10.02,1,"{'x': -0.8, 'y': 1.4, 'z': 1.2}"
846,9.96,1,"{'x': -0.7, 'y': 1.4, 'z': 1.3}"
847,10.07,1,"{'x': -0.7, 'y': 1.4, 'z': 1.3}"
848,10.08,1,"{'x': -0.7, 'y': 1.4, 'z': 1.3}"
849,9.95,1,"{'x': -0.6, 'y': 1.4, 'z': 1.3}"
850,9.96,1,"{'x': -0.6, 'y': 1.5, 'z': 1.3}"
851,9.95,1,"{'x': -0.6, 'y': 1.6, 'z': 1.2}"
852,10.12,1,"{'x': -0.6, 'y': 1.6, 'z': 1.2}"
853,10.04,1,"{'x': -0.6, 'y': 1.8, 'z': 1.2}"
854,9.94,1,"{'x': -0.5, 'y': 1.9, 'z': 1.3}"
855,10.09,1,"{'x': -0.5, 'y': 1.9, 'z': 1.2}"
856,10.08,1,"{'x': -0.5, 'y': 1.9, 'z': 1.2}"
857,10.02,1,"{'x': -0.5, 'y': 2.0, 'z': 1.2}"
858,10.08,1,"{'x': -0.5, 'y': 2.0, 'z': 1.2}"
859,9.89,1,"{'x': -0.5, 'y': 2.0, 'z': 1.3}"
860,10.02,1,"{'x': -0.4, 'y': 2.0, 'z': 1.2}"
861,10.02,1,"{'x': -0.4, 'y': 2.0, 'z': 1.2}"
862,10.08,1,"{'x': -0.4, 'y': 2.0, 'z': 0.7}"
863,10.02,1,"{'x': -0.4, 'y': 2.1, 'z': 0.8}"
864,9.95,1,"{'x': -0.4, 'y': 2.1, 'z': 0.9}"
865,10.0,1,"{'x': -0.4, 'y': 2.1, 'z': 0.9}"
866,10.09,1,"{'x': -0.4, 'y': 2.1, 'z': 1.0}"
867,9.95,1,"{'x': -0.4, 'y': 2.0, 'z': 1.1}"
868,9.96,1,"{'x': -0.4, 'y': 2.0, 'z': 1.2}"
869,10.14,1,"{'x': -0.4, 'y': 2.1, 'z': 1.0}"
870,9.96,1,"{'x': -0.4, 'y': 2.2, 'z': 0.9}"
871,9.96,1,"{'x': -0.5, 'y': 2.2, 'z': 0.7}"
872,10.13,1,"{'x': -0.4, 'y': 2.3, 'z': 0.8}"
873,10.03,1,"{'x': -0.5, 'y': 2.4, 'z': 0.8}"
874,10.02,1,"{'x': -0.5, 'y': 2.4, 'z': 0.8}"
875,10.02,1,"{'x': -0.4, 'y': 2.3, 'z': 0.7}"
876,9.89,1,"{'x': -0.4, 'y': 2.4, 'z': 0.7}"
877,10.14,1,"{'x': -0.4, 'y': 2.3, 'z': 0.6}"
878,9.96,1,"{'x': -0.4, 'y': 2.3, 'z': 0.6}"
879,10.19,1,"{'x': -0.4, 'y': 2.3, 'z': 0.6}"
880,9.97,1,"{'x': -0.4, 'y': 2.3, 'z': 0.6}"
881,9.88,1,"{'x': -0.4, 'y': 2.2, 'z': 0.6}"
882,10.06,1,"{'x': -0.4, 'y': 2.2, 'z': 0.6}"
883,9.99,1,"{'x': -0.4, 'y': 2.3, 'z': 0.6}"
884,10.0,1,"{'x': -0.4, 'y': 2.3, 'z': 0.5}"
885,10.16,1,"{'x': -0.4, 'y': 2.4, 'z': 0.6}"
886,9.89,1,"{'x': -0.4, 'y': 2.3, 'z': 0.6}"
887,10.02,1,"{'x': -0.4, 'y': 2.3, 'z': 0.6}"
888,10.08,1,"{'x': -0.4, 'y': 2.3, 'z': 0.6}"
889,10.14,1,"{'x': -0.4, 'y': 2.3, 'z': 0.6}"
890,9.89,1,"{'x': -0.4, 'y': 2.4, 'z': 0.7}"
891,10.02,1,"{'x': -0.4, 'y': 2.4, 'z': 0.8}"
892,10.02,1,"{'x': -0.4, 'y': 2.4, 'z': 0.8}"
893,10.08,1,"{'x': -0.4, 'y': 2.4, 'z': 0.8}"
894,9.95,1,"{'x': -0.4, 'y': 2.5, 'z': 0.8}"
895,10.14,1,"{'x': -0.4, 'y': 2.5, 'z': 0.8}"
896,10.02,1,"{'x': -0.4, 'y': 2.5, 'z': 0.8}"
897,10.08,1,"{'x': -0.4, 'y': 2.5, 'z': 0.8}"
898,9.83,1,"{'x': -0.4, 'y': 2.4, 'z': 0.8}"
899,10.08,1,"{'x': -0.4, 'y': 2.4, 'z': 0.8}"
900,10.02,1,"{'x': -0.4, 'y': 2.4, 'z': 0.8}"
901,9.89,1,"{'x': -0.4, 'y': 2.4, 'z': 0.8}"
902,10.09,1,"{'x': -0.4, 'y': 2.4, 'z': 0.8}"
903,10.01,1,"{'x': -0.4, 'y': 2.4, 'z': 0.8}"
904,10.08,1,"{'x': -0.4, 'y': 2.4, 'z': 0.8}"
905,10.0,1,"{'x': -0.4, 'y': 2.4, 'z': 0.8}"
906,10.03,1,"{'x': -0.4, 'y': 2.4, 'z': 0.8}"
907,10.14,1,"{'x': -0.4, 'y': 2.4, 'z': 0.8}"
908,10.02,1,"{'x': -0.4, 'y': 2.4, 'z': 0.8}"
909,10.02,1,"{'x': -0.4, 'y': 2.4, 'z': 0.8}"
910,9.89,1,"{'x': -0.4, 'y': 2.4, 'z': 0.8}"
911,9.95,1,"{'x': -0.4, 'y': 2.4, 'z': 0.8}"
912,10.13,1,"{'x': -0.4, 'y': 2.4, 'z': 0.8}"
913,10.09,1,"{'x': -0.4, 'y': 2.4, 'z': 0.8}"
914,10.0,1,"{'x': -0.4, 'y': 2.4, 'z': 0.8}"
915,10.03,1,"{'x': -0.4, 'y': 2.4, 'z': 0.8}"
916,10.02,1,"{'x': -0.4, 'y': 2.4, 'z': 0.8}"
917,9.89,1,"{'x': -0.4, 'y': 2.4, 'z': 0.8}"
918,10.08,1,"{'x': -0.4, 'y': 2.4, 'z': 0.8}"
919,9.94,1,"{'x': -0.4, 'y': 2.4, 'z': 0.8}"
920,10.06,1,"{'x': -0.4, 'y': 2.4, 'z': 0.8}"
921,10.12,1,"{'x': -0.4, 'y': 2.4, 'z': 0.8}"
922,10.01,1,"{'x': -0.4, 'y': 2.4, 'z': 0.8}"
923,9.94,1,"{'x': -0.4, 'y': 2.4, 'z': 0.8}"
924,10.04,1,"{'x': -0.4, 'y': 2.4, 'z': 0.8}"
925,10.0,1,"{'x': -0.4, 'y': 2.4, 'z': 0.8}"
926,9.97,1,"{'x': -0.4, 'y': 2.4, 'z': 0.8}"
927,10.0,1,"{'x': -0.4, 'y': 2.4, 'z': 0.8}"
928,10.06,1,"{'x': -0.4, 'y': 2.4, 'z': 0.8}"
929,9.99,1,"{'x': -0.4, 'y': 2.4, 'z': 0.8}"
930,10.14,1,"{'x': -0.4, 'y': 2.4, 'z': 0.8}"
931,9.95,1,"{'x': -0.4, 'y': 2.4, 'z': 0.8}"
932,9.9,1,"{'x': -0.4, 'y': 2.4, 'z': 0.8}"
933,10.08,1,"{'x': -0.4, 'y': 2.4, 'z': 0.8}"
934,10.02,1,"{'x': -0.4, 'y': 2.4, 'z': 0.8}"
935,10.12,1,"{'x': -0.4, 'y': 2.4, 'z': 0.8}"
936,9.94,1,"{'x': -0.4, 'y': 2.4, 'z': 0.8}"
937,10.0,1,"{'x': -0.4, 'y': 2.4, 'z': 0.8}"
938,10.01,1,"{'x': -0.4, 'y': 2.4, 'z': 0.8}"
939,10.14,1,"{'x': -0.4, 'y': 2.4, 'z': 0.8}"
940,9.96,1,"{'x': -0.4, 'y': 2.4, 'z': 0.8}"
941,9.95,1,"{'x': -0.4, 'y': 2.4, 'z': 0.8}"
942,10.02,1,"{'x': -0.4, 'y': 2.4, 'z': 0.8}"
943,10.14,1,"{'x': -0.4, 'y': 2.4, 'z': 0.8}"
944,9.89,1,"{'x': -0.4, 'y': 2.5, 'z': 0.8}"
945,10.08,1,"{'x': -0.4, 'y': 2.5, 'z': 0.8}"
946,10.02,1,"{'x': -0.4, 'y': 2.5, 'z': 0.8}"
947,10.02,1,"{'x': -0.4, 'y': 2.5, 'z': 0.8}"
948,10.06,1,"{'x': -0.4, 'y': 2.5, 'z': 0.8}"
949,9.95,1,"{'x': -0.4, 'y': 2.4, 'z': 0.8}"
950,10.0,1,"{'x': -0.4, 'y': 2.4, 'z': 0.8}"
951,9.87,1,"{'x': -0.4, 'y': 2.4, 'z': 0.8}"
952,10.13,1,"{'x': -0.4, 'y': 2.4, 'z': 0.8}"
953,10.06,1,"{'x': -0.4, 'y': 2.4, 'z': 0.8}"
954,10.13,1,"{'x': -0.4, 'y': 2.4, 'z': 0.8}"
955,10.02,1,"{'x': -0.4, 'y': 2.4, 'z': 0.8}"
956,9.89,1,"{'x': -0.4, 'y': 2.4, 'z': 0.8}"
957,10.08,1,"{'x': -0.4, 'y': 2.4, 'z': 0.8}"
958,9.95,1,"{'x': -0.4, 'y': 2.4, 'z': 0.8}"
959,10.08,1,"{'x': -0.4, 'y': 2.4, 'z': 0.8}"
960,10.06,1,"{'x': -0.4, 'y': 2.4, 'z': 0.8}"
961,9.99,1,"{'x': -0.4, 'y': 2.4, 'z': 0.8}"
962,9.87,1,"{'x': -0.4, 'y': 2.4, 'z': 0.8}"
963,10.13,1,"{'x': -0.4, 'y': 2.4, 'z': 0.9}"
964,10.1,1,"{'x': -0.4, 'y': 2.4, 'z': 0.9}"
965,9.83,1,"{'x': -0.4, 'y': 2.4, 'z': 0.8}"
966,9.99,1,"{'x': -0.4, 'y': 2.4, 'z': 0.8}"
967,10.04,1,"{'x': -0.4, 'y': 2.4, 'z': 0.8}"
968,10.14,1,"{'x': -0.4, 'y': 2.4, 'z': 0.8}"
969,10.0,1,"{'x': -0.4, 'y': 2.4, 'z': 0.8}"
970,10.03,1,"{'x': -0.4, 'y': 2.4, 'z': 0.8}"
971,10.0,1,"{'x': -0.4, 'y': 2.4, 'z': 0.8}"
972,10.04,1,"{'x': -0.4, 'y': 2.4, 'z': 0.8}"
973,10.02,1,"{'x': -0.4, 'y': 2.4, 'z': 0.8}"
974,10.06,1,"{'x': -0.4, 'y': 2.4, 'z': 0.8}"
975,10.03,1,"{'x': -0.4, 'y': 2.4, 'z': 0.8}"
976,9.89,1,"{'x': -0.4, 'y': 2.4, 'z': 0.8}"
977,10.08,1,"{'x': -0.4, 'y': 2.4, 'z': 0.8}"
978,10.02,1,"{'x': -0.4, 'y': 2.4, 'z': 0.8}"
979,9.83,1,"{'x': -0.4, 'y': 2.4, 'z': 0.8}"
980,10.01,1,"{'x': -0.4, 'y': 2.3, 'z': 0.8}"
981,10.02,1,"{'x': -0.4, 'y': 2.3, 'z': 0.8}"
982,10.0,1,"{'x': -0.4, 'y': 2.3, 'z': 0.8}"
983,10.09,1,"{'x': -0.4, 'y': 2.3, 'z': 0.8}"
984,9.95,1,"{'x': -0.4, 'y': 2.4, 'z': 0.8}"
985,10.06,1,"{'x': -0.4, 'y': 2.4, 'z': 0.9}"
986,9.93,1,"{'x': -0.4, 'y': 2.4, 'z': 0.9}"
987,10.13,1,"{'x': -0.4, 'y': 2.4, 'z': 0.9}"
988,9.83,1,"{'x': -0.4, 'y': 2.3, 'z': 0.9}"
989,10.08,1,"{'x': -0.4, 'y': 2.2, 'z': 0.9}"
990,10.08,1,"{'x': -0.4, 'y': 2.2, 'z': 0.9}"
991,9.93,1,"{'x': -0.4, 'y': 2.2, 'z': 0.9}"
992,10.04,1,"{'x': -0.3, 'y': 2.2, 'z': 1.0}"
993,10.02,1,"{'x': -0.3, 'y': 2.1, 'z': 1.0}"
994,10.02,1,"{'x': -0.4, 'y': 2.0, 'z': 1.0}"
995,10.02,1,"{'x': -0.4, 'y': 2.0, 'z': 0.9}"
996,9.95,1,"{'x': -0.3, 'y': 2.0, 'z': 0.9}"
997,10.15,1,"{'x': -0.3, 'y': 2.0, 'z': 0.9}"
998,9.96,1,"{'x': -0.3, 'y': 1.9, 'z': 1.0}"
999,10.0,1,"{'x': -0.3, 'y': 1.8, 'z': 1.1}"
1000,10.0,1,"{'x': -0.3, 'y': 1.7, 'z': 1.1}"
1001,9.93,1,"{'x': -0.3, 'y': 1.8, 'z': 1.2}"
1002,10.2,1,"{'x': -0.3, 'y': 1.8, 'z': 1.2}"
1003,9.89,1,"{'x': -0.3, 'y': 1.8, 'z': 1.2}"
1004,10.13,1,"{'x': -0.3, 'y': 1.8, 'z': 1.2}"
1005,9.97,1,"{'x': -0.3, 'y': 1.8, 'z': 1.2}"
1006,10.08,1,"{'x': -0.3, 'y': 1.8, 'z': 1.3}"
1007,10.0,1,"{'x': -0.4, 'y': 1.8, 'z': 1.3}"
1008,10.03,1,"{'x': -0.4, 'y': 1.8, 'z': 1.4}"
1009,9.96,1,"{'x': -0.4, 'y': 1.8, 'z': 1.4}"
1010,10.01,1,"{'x': -0.4, 'y': 1.8, 'z': 1.4}"
1011,10.0,1,"{'x': -0.4, 'y': 1.8, 'z': 1.3}"
1012,10.03,1,"{'x': -0.4, 'y': 1.7, 'z': 1.3}"
1013,9.89,1,"{'x': -0.4, 'y': 1.6, 'z': 1.3}"
1014,10.15,1,"{'x': -0.3, 'y': 1.7, 'z': 1.1}"
1015,10.07,1,"{'x': -0.1, 'y': 1.7, 'z': 0.7}"
1016,10.02,1,"{'x': -0.1, 'y': 1.7, 'z': 0.6}"
1017,9.95,1,"{'x': -0.2, 'y': 1.6, 'z': 0.9}"
1018,10.02,1,"{'x': -0.1, 'y': 1.5, 'z': 1.1}"
1019,9.95,1,"{'x': -0.1, 'y': 1.5, 'z': 1.2}"
1020,10.06,1,"{'x': -0.1, 'y': 1.5, 'z': 1.2}"
1021,10.06,1,"{'x': -0.1, 'y': 1.4, 'z': 1.2}"
1022,9.87,1,"{'x': -0.1, 'y': 1.4, 'z': 1.3}"
1023,10.08,1,"{'x': -0.1, 'y': 1.2, 'z': 1.3}"
1024,10.02,1,"{'x': 0.2, 'y': 1.2, 'z': 0.9}"
1025,10.02,1,"{'x': 0.1, 'y': 1.1, 'z': 1.1}"
1026,9.95,1,"{'x': 0.0, 'y': 1.1, 'z': 1.2}"
1027,10.15,1,"{'x': 0.1, 'y': 1.1, 'z': 1.1}"
1028,9.94,1,"{'x': 0.2, 'y': 1.1, 'z': 0.9}"
1029,10.09,1,"{'x': 0.2, 'y': 1.1, 'z': 1.1}"
1030,10.02,1,"{'x': 0.2, 'y': 1.1, 'z': 1.3}"
1031,9.95,1,"{'x': 0.2, 'y': 1.0, 'z': 1.3}"
1032,10.08,1,"{'x': 0.3, 'y': 1.0, 'z': 0.9}"
1033,9.95,1,"{'x': 0.2, 'y': 0.9, 'z': 1.2}"
1034,10.02,1,"{'x': 0.4, 'y': 1.0, 'z': 1.2}"
1035,10.08,1,"{'x': 0.2, 'y': 0.8, 'z': 1.3}"
1036,9.89,1,"{'x': 0.2, 'y': 0.7, 'z': 1.5}"
1037,10.0,1,"{'x': 0.2, 'y': 0.7, 'z': 1.3}"
1038,10.09,1,"{'x': 0.2, 'y': 0.6, 'z': 1.4}"
1039,10.06,1,"{'x': 0.2, 'y': 0.6, 'z': 1.4}"
1040,10.0,1,"{'x': 0.2, 'y': 0.6, 'z': 1.4}"
1041,9.99,1,"{'x': 0.2, 'y': 0.7, 'z': 1.5}"
1042,10.02,1,"{'x': 0.2, 'y': 0.7, 'z': 1.3}"
1043,10.02,1,"{'x': 0.2, 'y': 0.8, 'z': 1.3}"
1044,9.95,1,"{'x': 0.2, 'y': 0.8, 'z': 1.1}"
1045,10.08,1,"{'x': 0.2, 'y': 0.8, 'z': 1.0}"
1046,10.02,1,"{'x': 0.3, 'y': 0.8, 'z': 1.0}"
1047,9.95,1,"{'x': 0.3, 'y': 0.8, 'z': 0.9}"
1048,10.08,1,"{'x': 0.3, 'y': 0.8, 'z': 0.8}"
1049,10.02,1,"{'x': 0.2, 'y': 0.7, 'z': 0.6}"
1050,10.02,1,"{'x': 0.2, 'y': 0.7, 'z': 0.6}"
1051,9.89,1,"{'x': 0.3, 'y': 0.7, 'z': 0.8}"
1052,10.14,1,"{'x': 0.3, 'y': 0.7, 'z': 1.0}"
1053,9.96,1,"{'x': 0.3, 'y': 0.7, 'z': 0.9}"
1054,10.13,1,"{'x': 0.3, 'y': 0.6, 'z': 1.0}"
1055,9.97,1,"{'x': 0.3, 'y': 0.7, 'z': 0.8}"
1056,10.06,1,"{'x': 0.3, 'y': 0.6, 'z': 0.9}"
1057,9.97,1,"{'x': 0.2, 'y': 0.6, 'z': 0.9}"
1058,10.08,1,"{'x': 0.3, 'y': 0.6, 'z': 0.8}"
1059,9.95,1,"{'x': 0.2, 'y': 0.6, 'z': 0.6}"
1060,10.08,1,"{'x': 0.2, 'y': 0.6, 'z': 0.7}"
1061,9.95,1,"{'x': 0.2, 'y': 0.6, 'z': 0.8}"
1062,10.08,1,"{'x': 0.3, 'y': 0.6, 'z': 0.9}"
1063,10.02,1,"{'x': 0.2, 'y': 0.6, 'z': 0.9}"
1064,10.02,1,"{'x': 0.2, 'y': 0.6, 'z': 0.8}"
1065,9.95,1,"{'x': 0.2, 'y': 0.6, 'z': 0.8}"
1066,10.08,1,"{'x': 0.3, 'y': 0.6, 'z': 1.0}"
1067,10.07,1,"{'x': 0.3, 'y': 0.6, 'z': 1.0}"
1068,10.02,1,"{'x': 0.3, 'y': 0.7, 'z': 1.0}"
1069,10.02,1,"{'x': 0.3, 'y': 0.7, 'z': 1.1}"
1070,10.02,1,"{'x': 0.3, 'y': 0.7, 'z': 1.1}"
1071,10.0,1,"{'x': 0.3, 'y': 0.7, 'z': 1.1}"
1072,10.03,1,"{'x': 0.3, 'y': 0.7, 'z': 1.1}"
1073,10.01,1,"{'x': 0.3, 'y': 0.7, 'z': 1.1}"
1074,9.96,1,"{'x': 0.3, 'y': 0.7, 'z': 1.1}"
1075,10.01,1,"{'x': 0.3, 'y': 0.7, 'z': 1.1}"
1076,9.95,1,"{'x': 0.3, 'y': 0.7, 'z': 1.1}"
1077,10.06,1,"{'x': 0.3, 'y': 0.7, 'z': 1.1}"
1078,10.04,1,"{'x': 0.3, 'y': 0.7, 'z': 1.1}"
1079,10.01,1,"{'x': 0.3, 'y': 0.7, 'z': 1.1}"
1080,10.02,1,"{'x': 0.3, 'y': 0.7, 'z': 1.1}"
1081,10.01,1,"{'x': 0.3, 'y': 0.7, 'z': 1.1}"
1082,10.02,1,"{'x': 0.3, 'y': 0.7, 'z': 1.1}"
1083,10.02,1,"{'x': 0.3, 'y': 0.7, 'z': 1.1}"
1084,10.08,1,"{'x': 0.3, 'y': 0.7, 'z': 1.1}"
1085,9.96,1,"{'x': 0.3, 'y': 0.7, 'z': 1.1}"
1086,10.0,1,"{'x': 0.3, 'y': 0.7, 'z': 1.1}"
1087,10.0,1,"{'x': 0.3, 'y': 0.7, 'z': 1.1}"
1088,9.99,1,"{'x': 0.3, 'y': 0.7, 'z': 1.1}"
1089,10.0,1,"{'x': 0.3, 'y': 0.7, 'z': 0.9}"
1090,10.0,1,"{'x': 0.3, 'y': 0.7, 'z': 1.0}"
1091,9.99,1,"{'x': 0.3, 'y': 0.7, 'z': 1.0}"
1092,10.08,1,"{'x': 0.3, 'y': 0.7, 'z': 1.0}"
1093,10.08,1,"{'x': 0.3, 'y': 0.7, 'z': 1.1}"
1094,10.02,1,"{'x': 0.3, 'y': 0.7, 'z': 1.1}"
1095,10.02,1,"{'x': 0.4, 'y': 0.7, 'z': 1.1}"
1096,9.95,1,"{'x': 0.3, 'y': 0.7, 'z': 1.1}"
1097,10.08,1,"{'x': 0.2, 'y': 0.7, 'z': 0.7}"
1098,9.95,1,"{'x': 0.3, 'y': 0.7, 'z': 0.9}"
1099,10.06,1,"{'x': 0.3, 'y': 0.7, 'z': 1.0}"
1100,10.04,1,"{'x': 0.3, 'y': 0.7, 'z': 1.0}"
1101,9.88,1,"{'x': 0.3, 'y': 0.7, 'z': 1.0}"
1102,10.12,1,"{'x': 0.3, 'y': 0.7, 'z': 1.0}"
1103,10.05,1,"{'x': 0.2, 'y': 0.7, 'z': 1.0}"
1104,10.0,1,"{'x': 0.2, 'y': 0.6, 'z': 1.0}"
1105,9.96,1,"{'x': 0.2, 'y': 0.6, 'z': 1.0}"
1106,10.0,1,"{'x': 0.3, 'y': 0.7, 'z': 1.1}"
1107,10.06,1,"{'x': 0.3, 'y': 0.7, 'z': 1.0}"
1108,9.99,1,"{'x': 0.3, 'y': 0.6, 'z': 1.0}"
1109,10.08,1,"{'x': 0.2, 'y': 0.6, 'z': 0.7}"
1110,10.01,1,"{'x': 0.2, 'y': 0.7, 'z': 0.8}"
1111,9.93,1,"{'x': 0.3, 'y': 0.6, 'z': 1.0}"
1112,9.97,1,"{'x': 0.3, 'y': 0.6, 'z': 1.1}"
1113,10.07,1,"{'x': 0.3, 'y': 0.6, 'z': 1.0}"
1114,9.91,1,"{'x': 0.2, 'y': 0.6, 'z': 0.9}"
1115,10.07,1,"{'x': 0.2, 'y': 0.6, 'z': 1.0}"
1116,10.07,1,"{'x': 0.3, 'y': 0.6, 'z': 1.2}"
1117,9.97,1,"{'x': 0.3, 'y': 0.6, 'z': 1.3}"
1118,10.01,1,"{'x': 0.2, 'y': 0.6, 'z': 1.1}"
1119,10.02,1,"{'x': 0.2, 'y': 0.5, 'z': 1.3}"
1120,10.08,1,"{'x': 0.2, 'y': 0.5, 'z': 1.4}"
1121,10.06,1,"{'x': 0.3, 'y': 0.6, 'z': 1.4}"
1122,10.05,1,"{'x': 0.3, 'y': 0.6, 'z': 1.5}"
1123,10.0,1,"{'x': 0.3, 'y': 0.7, 'z': 1.6}"
1124,10.0,1,"{'x': 0.3, 'y': 0.8, 'z': 1.6}"
1125,9.97,1,"{'x': 0.4, 'y': 0.8, 'z': 1.6}"
1126,9.89,1,"{'x': 0.3, 'y': 0.8, 'z': 1.5}"
1127,10.13,1,"{'x': 0.4, 'y': 1.0, 'z': 1.6}"
1128,10.03,1,"{'x': 0.4, 'y': 1.1, 'z': 1.6}"
1129,10.02,1,"{'x': 0.4, 'y': 1.1, 'z': 1.6}"
1130,10.02,1,"{'x': 0.4, 'y': 1.1, 'z': 1.6}"
1131,10.02,1,"{'x': 0.4, 'y': 1.2, 'z': 1.6}"
1132,10.02,1,"{'x': 0.3, 'y': 1.2, 'z': 1.5}"
1133,9.99,1,"{'x': 0.3, 'y': 1.2, 'z': 1.5}"
1134,10.04,1,"{'x': 0.3, 'y': 1.2, 'z': 1.4}"
1135,10.02,1,"{'x': 0.3, 'y': 1.2, 'z': 1.1}"
1136,9.95,1,"{'x': 0.3, 'y': 1.2, 'z': 1.3}"
1137,10.01,1,"{'x': 0.3, 'y': 1.2, 'z': 1.3}"
1138,10.08,1,"{'x': 0.4, 'y': 1.3, 'z': 1.5}"
1139,10.02,1,"{'x': 0.4, 'y': 1.3, 'z': 1.4}"
1140,10.02,1,"{'x': 0.4, 'y': 1.5, 'z': 1.3}"
1141,9.95,1,"{'x': 0.3, 'y': 1.6, 'z': 1.2}"
1142,10.02,1,"{'x': 0.3, 'y': 1.7, 'z': 1.2}"
1143,10.08,1,"{'x': 0.3, 'y': 1.8, 'z': 1.3}"
1144,10.02,1,"{'x': 0.3, 'y': 1.7, 'z': 1.3}"
1145,10.08,1,"{'x': 0.2, 'y': 1.7, 'z': 1.2}"
1146,9.95,1,"{'x': 0.2, 'y': 1.7, 'z': 1.2}"
1147,10.02,1,"{'x': 0.2, 'y': 1.7, 'z': 1.2}"
1148,9.94,1,"{'x': 0.2, 'y': 1.7, 'z': 1.3}"
1149,10.05,1,"{'x': 0.2, 'y': 1.6, 'z': 1.3}"
1150,10.13,1,"{'x': 0.2, 'y': 1.6, 'z': 1.3}"
1151,9.77,1,"{'x': 0.2, 'y': 1.6, 'z': 1.4}"
1152,10.2,1,"{'x': 0.2, 'y': 1.6, 'z': 1.3}"
1153,10.02,1,"{'x': 0.2, 'y': 1.6, 'z': 1.3}"
1154,10.08,1,"{'x': 0.2, 'y': 1.6, 'z': 1.3}"
1155,9.95,1,"{'x': 0.2, 'y': 1.6, 'z': 1.3}"
1156,9.96,1,"{'x': 0.2, 'y': 1.6, 'z': 1.3}"
1157,10.0,1,"{'x': 0.2, 'y': 1.6, 'z': 1.3}"
1158,10.1,1,"{'x': 0.2, 'y': 1.6, 'z': 1.3}"
1159,10.08,1,"{'x': 0.2, 'y': 1.6, 'z': 1.3}"
1160,9.95,1,"{'x': 0.2, 'y': 1.6, 'z': 1.3}"
1161,10.02,1,"{'x': 0.2, 'y': 1.6, 'z': 1.3}"
1162,10.02,1,"{'x': 0.2, 'y': 1.6, 'z': 1.4}"
1163,10.02,1,"{'x': 0.2, 'y': 1.6, 'z': 1.4}"
1164,10.08,1,"{'x': 0.3, 'y': 1.6, 'z': 1.5}"
1165,10.02,1,"{'x': 0.3, 'y': 1.6, 'z': 1.5}"
1166,9.87,1,"{'x': 0.3, 'y': 1.6, 'z': 1.5}"
1167,10.1,1,"{'x': 0.2, 'y': 1.6, 'z': 1.4}"
1168,9.95,1,"{'x': 0.2, 'y': 1.6, 'z': 1.4}"
1169,10.08,1,"{'x': 0.2, 'y': 1.6, 'z': 1.3}"
1170,10.08,1,"{'x': 0.2, 'y': 1.6, 'z': 1.4}"
1171,9.93,1,"{'x': 0.2, 'y': 1.6, 'z': 1.3}"
1172,9.97,1,"{'x': 0.2, 'y': 1.6, 'z': 1.3}"
1173,10.08,1,"{'x': 0.2, 'y': 1.6, 'z': 1.3}"
1174,10.02,1,"{'x': 0.2, 'y': 1.6, 'z': 1.3}"
1175,10.08,1,"{'x': 0.2, 'y': 1.6, 'z': 1.3}"
1176,9.89,1,"{'x': 0.2, 'y': 1.6, 'z': 1.2}"
1177,10.08,1,"{'x': 0.2, 'y': 1.6, 'z': 1.2}"
1178,10.08,1,"{'x': 0.2, 'y': 1.6, 'z': 1.2}"
1179,10.0,1,"{'x': 0.2, 'y': 1.6, 'z': 1.3}"
1180,9.96,1,"{'x': 0.3, 'y': 1.6, 'z': 1.4}"
1181,9.93,1,"{'x': 0.2, 'y': 1.6, 'z': 1.4}"
1182,10.17,1,"{'x': 0.2, 'y': 1.6, 'z': 1.3}"
1183,10.02,1,"{'x': 0.2, 'y': 1.6, 'z': 1.2}"
1184,9.95,1,"{'x': 0.2, 'y': 1.6, 'z': 1.2}"
1185,10.02,1,"{'x': 0.2, 'y': 1.6, 'z': 1.2}"
1186,10.02,1,"{'x': 0.2, 'y': 1.6, 'z': 1.2}"
1187,10.02,1,"{'x': 0.2, 'y': 1.6, 'z': 1.2}"
1188,10.02,1,"{'x': 0.2, 'y': 1.6, 'z': 1.2}"
1189,10.02,1,"{'x': 0.2, 'y': 1.6, 'z': 1.2}"
1190,10.02,1,"{'x': 0.2, 'y': 1.6, 'z': 1.2}"
1191,10.02,1,"{'x': 0.2, 'y': 1.6, 'z': 1.2}"
1192,10.08,1,"{'x': 0.2, 'y': 1.6, 'z': 1.2}"
1193,10.01,1,"{'x': 0.2, 'y': 1.6, 'z': 1.2}"
1194,9.93,1,"{'x': 0.2, 'y': 1.6, 'z': 1.2}"
1195,9.97,1,"{'x': 0.2, 'y': 1.6, 'z': 1.3}"
1196,10.01,1,"{'x': 0.2, 'y': 1.6, 'z': 1.3}"
1197,10.08,1,"{'x': 0.1, 'y': 1.6, 'z': 1.2}"
1198,10.0,1,"{'x': 0.2, 'y': 1.6, 'z': 1.2}"
1199,9.99,1,"{'x': 0.1, 'y': 1.6, 'z': 1.2}"
1200,10.13,1,"{'x': 0.1, 'y': 1.6, 'z': 1.2}"
1201,9.78,1,"{'x': 0.2, 'y': 1.6, 'z': 1.3}"
1202,10.2,1,"{'x': 0.2, 'y': 1.6, 'z': 1.2}"
1203,10.08,1,"{'x': 0.1, 'y': 1.7, 'z': 1.2}"
1204,10.02,1,"{'x': 0.1, 'y': 1.7, 'z': 1.2}"
1205,9.95,1,"{'x': 0.1, 'y': 1.8, 'z': 1.2}"
1206,10.02,1,"{'x': 0.1, 'y': 1.8, 'z': 1.2}"
1207,10.02,1,"{'x': 0.1, 'y': 1.8, 'z': 1.2}"
1208,10.02,1,"{'x': 0.1, 'y': 1.8, 'z': 1.1}"
1209,9.95,1,"{'x': 0.1, 'y': 1.8, 'z': 1.2}"
1210,10.08,1,"{'x': -0.2, 'y': 1.9, 'z': 0.8}"
1211,9.89,1,"{'x': -0.1, 'y': 1.8, 'z': 1.1}"
1212,10.08,1,"{'x': -0.2, 'y': 1.8, 'z': 0.7}"
1213,10.08,1,"{'x': 0.3, 'y': 1.8, 'z': 0.5}"
1214,10.06,1,"{'x': 0.2, 'y': 1.8, 'z': 0.6}"
1215,9.91,1,"{'x': -0.1, 'y': 1.8, 'z': 0.9}"
1216,9.95,1,"{'x': -0.3, 'y': 1.9, 'z': 1.1}"
1217,10.02,1,"{'x': -0.4, 'y': 1.9, 'z': 1.1}"
1218,10.08,1,"{'x': -0.5, 'y': 1.9, 'z': 1.0}"
1219,10.01,1,"{'x': -0.5, 'y': 1.9, 'z': 1.1}"
1220,10.02,1,"{'x': -0.5, 'y': 1.9, 'z': 1.1}"
1221,9.96,1,"{'x': -0.5, 'y': 2.0, 'z': 0.9}"
1222,10.08,1,"{'x': -0.5, 'y': 2.1, 'z': 0.9}"
1223,10.08,1,"{'x': -0.5, 'y': 2.1, 'z': 0.8}"
1224,9.95,1,"{'x': -0.5, 'y': 2.1, 'z': 0.8}"
1225,10.08,1,"{'x': -0.5, 'y': 2.1, 'z': 0.9}"
1226,9.84,1,"{'x': -0.5, 'y': 2.1, 'z': 0.9}"
1227,10.2,1,"{'x': -0.5, 'y': 2.2, 'z': 0.9}"
1228,10.0,1,"{'x': -0.5, 'y': 2.3, 'z': 0.8}"
1229,10.04,1,"{'x': -0.5, 'y': 2.3, 'z': 0.9}"
1230,10.08,1,"{'x': -0.5, 'y': 2.4, 'z': 0.9}"
1231,9.93,1,"{'x': -0.6, 'y': 2.3, 'z': 0.8}"
1232,9.97,1,"{'x': -0.5, 'y': 2.3, 'z': 0.8}"
1233,9.95,1,"{'x': -0.4, 'y': 2.2, 'z': 0.7}"
1234,10.02,1,"{'x': -0.4, 'y': 2.2, 'z': 0.7}"
1235,10.14,1,"{'x': -0.4, 'y': 2.1, 'z': 0.6}"
1236,9.9,1,"{'x': -0.4, 'y': 2.2, 'z': 0.6}"
1237,10.07,1,"{'x': -0.4, 'y': 2.1, 'z': 0.6}"
1238,10.06,1,"{'x': -0.4, 'y': 2.1, 'z': 0.5}"
1239,9.99,1,"{'x': -0.4, 'y': 2.1, 'z': 0.6}"
1240,9.99,1,"{'x': -0.4, 'y': 2.3, 'z': 0.6}"
1241,10.13,1,"{'x': -0.4, 'y': 2.3, 'z': 0.6}"
1242,10.12,1,"{'x': -0.4, 'y': 2.3, 'z': 0.6}"
1243,9.94,1,"{'x': -0.4, 'y': 2.3, 'z': 0.6}"
1244,9.89,1,"{'x': -0.5, 'y': 2.3, 'z': 0.6}"
1245,10.08,1,"{'x': -0.5, 'y': 2.2, 'z': 0.7}"
1246,9.95,1,"{'x': -0.5, 'y': 2.3, 'z': 0.7}"
1247,10.01,1,"{'x': -0.5, 'y': 2.3, 'z': 0.7}"
1248,9.99,1,"{'x': -0.4, 'y': 2.2, 'z': 0.6}"
1249,9.99,1,"{'x': -0.5, 'y': 2.2, 'z': 0.6}"
1250,10.13,1,"{'x': -0.5, 'y': 2.3, 'z': 0.7}"
1251,9.89,1,"{'x': -0.5, 'y': 2.2, 'z': 0.6}"
1252,10.27,1,"{'x': -0.5, 'y': 2.2, 'z': 0.6}"
1253,10.02,1,"{'x': -0.5, 'y': 2.2, 'z': 0.6}"
1254,9.89,1,"{'x': -0.5, 'y': 2.3, 'z': 0.7}"
1255,10.02,1,"{'x': -0.6, 'y': 2.4, 'z': 0.8}"
1256,10.02,1,"{'x': -0.6, 'y': 2.4, 'z': 0.8}"
1257,10.02,1,"{'x': -0.6, 'y': 2.3, 'z': 0.8}"
1258,10.13,1,"{'x': -0.6, 'y': 2.3, 'z': 0.8}"
1259,10.03,1,"{'x': -0.6, 'y': 2.3, 'z': 0.8}"
1260,10.02,1,"{'x': -0.6, 'y': 2.3, 'z': 0.8}"
1261,9.96,1,"{'x': -0.6, 'y': 2.3, 'z': 0.8}"
1262,10.02,1,"{'x': -0.6, 'y': 2.3, 'z': 0.8}"
1263,9.87,1,"{'x': -0.6, 'y': 2.3, 'z': 0.7}"
1264,10.17,1,"{'x': -0.6, 'y': 2.3, 'z': 0.7}"
1265,9.95,1,"{'x': -0.6, 'y': 2.3, 'z': 0.7}"
1266,10.0,1,"{'x': -0.6, 'y': 2.3, 'z': 0.7}"
1267,10.12,1,"{'x': -0.6, 'y': 2.3, 'z': 0.7}"
1268,9.99,1,"{'x': -0.6, 'y': 2.3, 'z': 0.7}"
1269,10.08,1,"{'x': -0.6, 'y': 2.3, 'z': 0.7}"
1270,10.02,1,"{'x': -0.6, 'y': 2.3, 'z': 0.7}"
1271,9.96,1,"{'x': -0.6, 'y': 2.3, 'z': 0.7}"
1272,10.08,1,"{'x': -0.6, 'y': 2.3, 'z': 0.7}"
1273,9.83,1,"{'x': -0.6, 'y': 2.3, 'z': 0.8}"
1274,10.02,1,"{'x': -0.6, 'y': 2.3, 'z': 0.8}"
1275,10.02,1,"{'x': -0.6, 'y': 2.3, 'z': 0.8}"
1276,9.96,1,"{'x': -0.6, 'y': 2.3, 'z': 0.8}"
1277,10.08,1,"{'x': -0.6, 'y': 2.4, 'z': 0.8}"
1278,10.15,1,"{'x': -0.6, 'y': 2.4, 'z': 0.8}"
1279,9.89,1,"{'x': -0.6, 'y': 2.4, 'z': 0.8}"
1280,10.15,1,"{'x': -0.6, 'y': 2.4, 'z': 0.8}"
1281,10.01,1,"{'x': -0.6, 'y': 2.4, 'z': 0.8}"
1282,10.08,1,"{'x': -0.6, 'y': 2.4, 'z': 0.8}"
1283,9.89,1,"{'x': -0.6, 'y': 2.4, 'z': 0.8}"
1284,10.0,1,"{'x': -0.6, 'y': 2.4, 'z': 0.8}"
1285,10.1,1,"{'x': -0.6, 'y': 2.4, 'z': 0.8}"
1286,9.95,1,"{'x': -0.6, 'y': 2.4, 'z': 0.8}"
1287,10.0,1,"{'x': -0.6, 'y': 2.4, 'z': 0.8}"
1288,10.23,1,"{'x': -0.6, 'y': 2.4, 'z': 0.8}"
1289,9.83,1,"{'x': -0.6, 'y': 2.4, 'z': 0.8}"
1290,10.19,1,"{'x': -0.6, 'y': 2.4, 'z': 0.8}"
1291,9.98,1,"{'x': -0.6, 'y': 2.4, 'z': 0.8}"
1292,9.87,1,"{'x': -0.6, 'y': 2.4, 'z': 0.8}"
1293,10.03,1,"{'x': -0.6, 'y': 2.4, 'z': 0.8}"
1294,10.15,1,"{'x': -0.6, 'y': 2.4, 'z': 0.8}"
1295,10.02,1,"{'x': -0.6, 'y': 2.4, 'z': 0.8}"
1296,10.02,1,"{'x': -0.6, 'y': 2.4, 'z': 0.8}"
1297,10.02,1,"{'x': -0.6, 'y': 2.4, 'z': 0.8}"
1298,10.02,1,"{'x': -0.6, 'y': 2.4, 'z': 0.8}"
1299,10.02,1,"{'x': -0.6, 'y': 2.4, 'z': 0.8}"
1300,9.99,1,"{'x': -0.6, 'y': 2.4, 'z': 0.8}"
1301,9.87,1,"{'x': -0.6, 'y': 2.4, 'z': 0.8}"
1302,10.19,0,
1303,10.02,0,
1304,10.01,0,
1305,9.96,0,
1306,10.01,0,
1307,10.09,0,
1308,10.0,0,
1309,10.03,0,
1310,10.01,0,
1311,9.97,0,
1312,10.03,0,
1313,10.06,0,
1314,10.02,0,
1315,9.95,0,
1316,9.97,0,
1317,10.07,0,
1318,10.01,0,
1319,10.03,0,
1320,9.97,0,
1321,10.0,0,
1322,10.09,0,
1323,9.95,0,
1324,9.96,1,"{'x': -0.5, 'y': 2.4, 'z': 0.8}"
1325,10.01,1,"{'x': -0.5, 'y': 2.3, 'z': 0.9}"
1326,9.9,1,"{'x': -0.4, 'y': 2.3, 'z': 0.9}"
1327,10.2,1,"{'x': -0.4, 'y': 2.3, 'z': 0.9}"
1328,10.09,1,"{'x': -0.4, 'y': 2.4, 'z': 0.9}"
1329,9.95,1,"{'x': -0.4, 'y': 2.4, 'z': 0.9}"
1330,10.08,1,"{'x': -0.4, 'y': 2.4, 'z': 0.9}"
1331,9.89,1,"{'x': -0.4, 'y': 2.4, 'z': 0.9}"
1332,10.01,1,"{'x': -0.4, 'y': 2.4, 'z': 0.9}"
1333,10.02,1,"{'x': -0.4, 'y': 2.4, 'z': 0.9}"
1334,10.08,1,"{'x': -0.4, 'y': 2.4, 'z': 0.8}"
1335,10.02,1,"{'x': -0.4, 'y': 2.4, 'z': 0.9}"
1336,10.0,1,"{'x': -0.4, 'y': 2.4, 'z': 0.9}"
1337,9.93,1,"{'x': -0.4, 'y': 2.4, 'z': 0.9}"
1338,10.13,1,"{'x': -0.4, 'y': 2.4, 'z': 0.9}"
1339,10.02,1,"{'x': -0.4, 'y': 2.4, 'z': 0.9}"
1340,9.95,1,"{'x': -0.3, 'y': 2.3, 'z': 0.9}"
1341,10.02,1,"{'x': -0.4, 'y': 2.3, 'z': 0.9}"
1342,10.08,1,"{'x': -0.4, 'y': 2.4, 'z': 0.9}"
1343,10.02,1,"{'x': -0.4, 'y': 2.4, 'z': 0.9}"
1344,10.06,1,"{'x': -0.4, 'y': 2.4, 'z': 0.9}"
1345,10.04,1,"{'x': -0.4, 'y': 2.4, 'z': 0.9}"
1346,9.94,1,"{'x': -0.4, 'y': 2.4, 'z': 0.9}"
1347,10.03,1,"{'x': -0.4, 'y': 2.4, 'z': 1.0}"
1348,10.06,1,"{'x': -0.4, 'y': 2.4, 'z': 1.0}"
1349,9.98,1,"{'x': -0.4, 'y': 2.4, 'z': 1.0}"
1350,9.95,1,"{'x': -0.4, 'y': 2.4, 'z': 1.0}"
1351,9.96,1,"{'x': -0.4, 'y': 2.4, 'z': 1.0}"
1352,10.14,1,"{'x': -0.4, 'y': 2.4, 'z': 1.0}"
1353,10.02,1,"{'x': -0.3, 'y': 2.3, 'z': 1.0}"
1354,9.95,1,"{'x': -0.3, 'y': 2.3, 'z': 1.0}"
1355,10.02,1,"{'x': -0.3, 'y': 2.3, 'z': 1.0}"
1356,10.08,1,"{'x': -0.4, 'y': 2.4, 'z': 0.9}"
1357,10.02,1,"{'x': -0.4, 'y': 2.4, 'z': 0.9}"
1358,10.02,1,"{'x': -0.4, 'y': 2.4, 'z': 0.9}"
1359,10.02,1,"{'x': -0.4, 'y': 2.4, 'z': 1.0}"
1360,10.02,1,"{'x': -0.4, 'y': 2.4, 'z': 1.0}"
1361,10.02,1,"{'x': -0.4, 'y': 2.4, 'z': 1.0}"
1362,10.0,1,"{'x': -0.4, 'y': 2.4, 'z': 0.9}"
1363,10.03,1,"{'x': -0.4, 'y': 2.4, 'z': 1.0}"
1364,10.02,1,"{'x': -0.4, 'y': 2.3, 'z': 1.0}"
1365,9.95,1,"{'x': -0.3, 'y': 2.3, 'z': 1.0}"
1366,10.01,1,"{'x': -0.3, 'y': 2.3, 'z': 1.1}"
1367,10.08,1,"{'x': -0.3, 'y': 2.3, 'z': 1.1}"
1368,9.95,1,"{'x': -0.3, 'y': 2.3, 'z': 1.0}"
1369,10.08,1,"{'x': -0.3, 'y': 2.3, 'z': 1.0}"
1370,10.02,1,"{'x': -0.3, 'y': 2.3, 'z': 1.0}"
1371,10.02,1,"{'x': -0.3, 'y': 2.3, 'z': 1.0}"
1372,10.02,1,"{'x': -0.3, 'y': 2.3, 'z': 1.0}"
1373,10.02,1,"{'x': -0.2, 'y': 2.3, 'z': 1.0}"
1374,10.02,1,"{'x': -0.2, 'y': 2.3, 'z': 1.0}"
1375,10.02,1,"{'x': -0.3, 'y': 2.3, 'z': 1.0}"
1376,9.89,1,"{'x': -0.3, 'y': 2.3, 'z': 1.1}"
1377,10.14,1,"{'x': -0.3, 'y': 2.3, 'z': 1.0}"
1378,10.02,1,"{'x': -0.3, 'y': 2.3, 'z': 1.0}"
1379,10.02,1,"{'x': -0.3, 'y': 2.4, 'z': 1.0}"
1380,10.02,1,"{'x': -0.3, 'y': 2.3, 'z': 1.0}"
1381,9.95,1,"{'x': -0.3, 'y': 2.3, 'z': 1.0}"
1382,10.08,1,"{'x': -0.3, 'y': 2.3, 'z': 1.0}"
1383,9.95,1,"{'x': -0.4, 'y': 2.3, 'z': 1.0}"
1384,10.01,1,"{'x': -0.3, 'y': 2.3, 'z': 1.0}"
1385,10.06,1,"{'x': -0.3, 'y': 2.4, 'z': 1.0}"
1386,10.03,1,"{'x': -0.4, 'y': 2.3, 'z': 1.0}"
1387,10.02,1,"{'x': -0.4, 'y': 2.4, 'z': 0.9}"
1388,10.02,1,"{'x': -0.4, 'y': 2.4, 'z': 0.9}"
1389,10.02,1,"{'x': -0.4, 'y': 2.4, 'z': 0.9}"
1390,10.02,1,"{'x': -0.4, 'y': 2.4, 'z': 1.0}"
1391,10.02,1,"{'x': -0.4, 'y': 2.4, 'z': 1.0}"
1392,10.02,1,"{'x': -0.3, 'y': 2.4, 'z': 0.9}"
1393,10.02,1,"{'x': -0.4, 'y': 2.4, 'z': 1.0}"
1394,9.95,1,"{'x': -0.4, 'y': 2.4, 'z': 1.0}"
1395,10.08,1,"{'x': -0.3, 'y': 2.3, 'z': 1.0}"
1396,9.95,1,"{'x': -0.3, 'y': 2.3, 'z': 1.0}"
1397,10.08,1,"{'x': -0.3, 'y': 2.3, 'z': 1.0}"
1398,10.02,1,"{'x': -0.3, 'y': 2.3, 'z': 1.0}"
1399,9.93,1,"{'x': -0.3, 'y': 2.3, 'z': 1.0}"
1400,10.12,1,"{'x': -0.3, 'y': 2.4, 'z': 1.0}"
1401,9.88,1,"{'x': -0.3, 'y': 2.3, 'z': 1.0}"
1402,10.14,1,"{'x': -0.3, 'y': 2.4, 'z': 1.0}"
1403,10.02,1,"{'x': -0.3, 'y': 2.4, 'z': 1.0}"
1404,10.02,1,"{'x': -0.3, 'y': 2.4, 'z': 1.0}"
1405,10.02,1,"{'x': -0.3, 'y': 2.4, 'z': 1.0}"
1406,10.02,1,"{'x': -0.3, 'y': 2.4, 'z': 1.0}"
1407,10.02,1,"{'x': -0.3, 'y': 2.3, 'z': 1.0}"
1408,10.02,1,"{'x': -0.3, 'y': 2.3, 'z': 1.1}"
1409,10.02,1,"{'x': -0.3, 'y': 2.3, 'z': 1.0}"
1410,10.02,1,"{'x': -0.3, 'y': 2.3, 'z': 0.9}"
1411,9.94,1,"{'x': -0.4, 'y': 2.3, 'z': 0.9}"
1412,10.1,1,"{'x': -0.4, 'y': 2.4, 'z': 0.9}"
1413,10.02,1,"{'x': -0.4, 'y': 2.4, 'z': 0.9}"
1414,10.0,1,"{'x': -0.4, 'y': 2.4, 'z': 0.9}"
1415,10.05,1,"{'x': -0.4, 'y': 2.4, 'z': 0.9}"
1416,9.94,1,"{'x': -0.4, 'y': 2.4, 'z': 0.9}"
1417,10.08,1,"{'x': -0.4, 'y': 2.4, 'z': 0.9}"
1418,10.0,1,"{'x': -0.4, 'y': 2.4, 'z': 0.9}"
1419,10.03,1,"{'x': -0.4, 'y': 2.4, 'z': 1.0}"
1420,9.89,1,"{'x': -0.4, 'y': 2.4, 'z': 1.0}"
1421,10.08,1,"{'x': -0.4, 'y': 2.4, 'z': 1.0}"
1422,10.02,1,"{'x': -0.4, 'y': 2.4, 'z': 0.9}"
1423,9.94,1,"{'x': -0.4, 'y': 2.3, 'z': 0.9}"
1424,10.03,1,"{'x': -0.4, 'y': 2.3, 'z': 0.9}"
1425,10.02,1,"{'x': -0.4, 'y': 2.2, 'z': 0.9}"
1426,9.81,1,"{'x': -0.4, 'y': 2.2, 'z': 0.8}"
1427,10.18,1,"{'x': -0.4, 'y': 2.2, 'z': 0.8}"
1428,10.01,1,"{'x': -0.3, 'y': 2.1, 'z': 0.8}"
1429,10.08,1,"{'x': -0.3, 'y': 1.8, 'z': 1.0}"
1430,9.96,1,"{'x': -0.3, 'y': 1.8, 'z': 1.0}"
1431,10.01,1,"{'x': -0.3, 'y': 1.6, 'z': 1.1}"
1432,10.02,1,"{'x': -0.4, 'y': 1.8, 'z': 1.0}"
1433,10.08,1,"{'x': -0.3, 'y': 1.8, 'z': 1.1}"
1434,9.96,1,"{'x': -0.4, 'y': 1.8, 'z': 1.2}"
1435,10.02,1,"{'x': -0.4, 'y': 1.8, 'z': 1.1}"
1436,9.93,1,"{'x': -0.4, 'y': 1.8, 'z': 1.1}"
1437,10.05,1,"{'x': -0.4, 'y': 1.8, 'z': 1.1}"
1438,9.99,1,"{'x': -0.4, 'y': 1.9, 'z': 1.1}"
1439,10.1,1,"{'x': -0.4, 'y': 1.8, 'z': 1.1}"
1440,10.07,1,"{'x': -0.4, 'y': 1.8, 'z': 1.2}"
1441,9.96,1,"{'x': -0.4, 'y': 1.8, 'z': 1.3}"
1442,10.08,1,"{'x': -0.3, 'y': 1.8, 'z': 1.0}"
1443,10.02,1,"{'x': -0.4, 'y': 1.8, 'z': 1.1}"
1444,10.08,1,"{'x': -0.3, 'y': 1.8, 'z': 0.9}"
1445,9.96,1,"{'x': -0.3, 'y': 1.8, 'z': 1.1}"
1446,9.96,1,"{'x': -0.3, 'y': 1.7, 'z': 1.1}"
1447,9.95,1,"{'x': -0.2, 'y': 1.8, 'z': 1.2}"
1448,10.08,1,"{'x': -0.0, 'y': 1.7, 'z': 1.2}"
1449,9.99,1,"{'x': -0.1, 'y': 1.7, 'z': 1.3}"
1450,10.04,1,"{'x': -0.1, 'y': 1.6, 'z': 1.3}"
1451,9.81,1,"{'x': -0.1, 'y': 1.5, 'z': 1.3}"
1452,10.26,1,"{'x': -0.0, 'y': 1.5, 'z': 1.3}"
1453,9.93,1,"{'x': -0.1, 'y': 1.4, 'z': 1.3}"
1454,10.01,1,"{'x': -0.1, 'y': 1.4, 'z': 1.3}"
1455,9.95,1,"{'x': -0.1, 'y': 1.4, 'z': 1.4}"
1456,10.08,1,"{'x': -0.0, 'y': 1.4, 'z': 1.3}"
1457,10.02,1,"{'x': -0.0, 'y': 1.4, 'z': 1.5}"
1458,10.02,1,"{'x': 0.2, 'y': 1.4, 'z': 1.2}"
1459,10.08,1,"{'x': 0.1, 'y': 1.4, 'z': 1.2}"
1460,9.95,1,"{'x': 0.1, 'y': 1.3, 'z': 1.3}"
1461,10.01,1,"{'x': -0.1, 'y': 1.3, 'z': 1.2}"
1462,10.06,1,"{'x': 0.2, 'y': 1.2, 'z': 0.9}"
1463,10.05,1,"{'x': 0.2, 'y': 1.2, 'z': 1.1}"
1464,10.06,1,"{'x': 0.3, 'y': 1.2, 'z': 1.2}"
1465,9.96,1,"{'x': 0.2, 'y': 1.2, 'z': 1.2}"
1466,9.95,1,"{'x': 0.2, 'y': 1.1, 'z': 1.3}"
1467,9.89,1,"{'x': 0.3, 'y': 1.1, 'z': 1.3}"
1468,10.08,1,"{'x': 0.2, 'y': 1.1, 'z': 1.4}"
1469,9.99,1,"{'x': 0.2, 'y': 1.2, 'z': 1.4}"
1470,10.04,1,"{'x': 0.2, 'y': 1.2, 'z': 1.3}"
1471,10.08,1,"{'x': 0.2, 'y': 1.2, 'z': 1.3}"
1472,10.08,1,"{'x': 0.2, 'y': 1.2, 'z': 1.3}"
1473,10.02,1,"{'x': 0.3, 'y': 1.2, 'z': 1.3}"
1474,9.89,1,"{'x': 0.3, 'y': 1.2, 'z': 1.3}"
1475,10.08,1,"{'x': 0.2, 'y': 1.2, 'z': 1.2}"
1476,9.96,1,"{'x': 0.3, 'y': 1.2, 'z': 1.2}"
1477,10.08,1,"{'x': 0.3, 'y': 1.2, 'z': 1.3}"
1478,10.08,1,"{'x': 0.2, 'y': 1.2, 'z': 1.3}"
1479,9.95,1,"{'x': 0.4, 'y': 1.3, 'z': 1.2}"
1480,10.01,1,"{'x': 0.2, 'y': 1.3, 'z': 1.2}"
1481,10.0,1,"{'x': 0.2, 'y': 1.3, 'z': 1.3}"
1482,10.04,1,"{'x': 0.3, 'y': 1.2, 'z': 1.2}"
1483,10.08,1,"{'x': 0.2, 'y': 1.3, 'z': 1.2}"
1484,10.06,1,"{'x': 0.2, 'y': 1.2, 'z': 1.3}"
1485,9.98,1,"{'x': 0.2, 'y': 1.2, 'z': 1.4}"
1486,10.01,1,"{'x': 0.2, 'y': 1.2, 'z': 1.5}"
1487,9.96,1,"{'x': 0.2, 'y': 1.2, 'z': 1.5}"
1488,10.01,1,"{'x': 0.3, 'y': 1.2, 'z': 1.4}"
1489,10.0,1,"{'x': 0.3, 'y': 1.2, 'z': 1.4}"
1490,10.1,1,"{'x': 0.2, 'y': 1.2, 'z': 1.3}"
1491,9.95,1,"{'x': 0.2, 'y': 1.2, 'z': 1.2}"
1492,10.08,1,"{'x': 0.4, 'y': 1.2, 'z': 1.2}"
1493,10.02,1,"{'x': 0.4, 'y': 1.2, 'z': 1.2}"
1494,10.01,1,"{'x': 0.3, 'y': 1.2, 'z': 1.2}"
1495,10.0,1,"{'x': 0.3, 'y': 1.2, 'z': 1.3}"
1496,10.03,1,"{'x': 0.4, 'y': 1.2, 'z': 1.3}"
1497,9.96,1,"{'x': 0.3, 'y': 1.2, 'z': 1.3}"
1498,10.08,1,"{'x': 0.3, 'y': 1.2, 'z': 1.3}"
1499,9.96,1,"{'x': 0.3, 'y': 1.2, 'z': 1.2}"
1500,10.08,1,"{'x': 0.3, 'y': 1.3, 'z': 1.3}"
1501,10.02,1,"{'x': 0.4, 'y': 1.3, 'z': 1.2}"
1502,10.08,1,"{'x': 0.3, 'y': 1.3, 'z': 1.2}"
1503,9.96,1,"{'x': 0.2, 'y': 1.3, 'z': 1.2}"
1504,10.01,1,"{'x': 0.1, 'y': 1.3, 'z': 1.2}"
1505,10.06,1,"{'x': 0.2, 'y': 1.3, 'z': 1.2}"
1506,9.93,1,"{'x': 0.2, 'y': 1.3, 'z': 1.2}"
1507,9.99,1,"{'x': 0.4, 'y': 1.3, 'z': 1.2}"
1508,10.01,1,"{'x': 0.3, 'y': 1.3, 'z': 1.2}"
1509,9.99,1,"{'x': 0.2, 'y': 1.2, 'z': 1.2}"
1510,10.04,1,"{'x': 0.3, 'y': 1.2, 'z': 1.3}"
1511,10.01,1,"{'x': 0.2, 'y': 1.2, 'z': 1.2}"
1512,10.02,1,"{'x': 0.2, 'y': 1.2, 'z': 1.3}"
1513,10.02,1,"{'x': 0.2, 'y': 1.3, 'z': 1.0}"
1514,10.02,1,"{'x': 0.2, 'y': 1.3, 'z': 1.1}"
1515,10.02,1,"{'x': 0.2, 'y': 1.3, 'z': 1.3}"
1516,10.02,1,"{'x': 0.1, 'y': 1.4, 'z': 1.1}"
1517,10.02,1,"{'x': 0.1, 'y': 1.3, 'z': 1.2}"
1518,10.08,1,"{'x': 0.3, 'y': 1.2, 'z': 1.2}"
1519,9.95,1,"{'x': 0.1, 'y': 1.3, 'z': 1.0}"
1520,10.01,1,"{'x': 0.1, 'y': 1.3, 'z': 1.2}"
1521,10.02,1,"{'x': 0.1, 'y': 1.3, 'z': 1.3}"
1522,10.0,1,"{'x': 0.0, 'y': 1.3, 'z': 1.4}"
1523,10.1,1,"{'x': 0.0, 'y': 1.3, 'z': 1.1}"
1524,9.99,1,"{'x': -0.0, 'y': 1.2, 'z': 1.3}"
1525,9.97,1,"{'x': -0.0, 'y': 1.2, 'z': 1.3}"
1526,9.95,1,"{'x': -0.0, 'y': 1.2, 'z': 1.3}"
1527,10.08,1,"{'x': -0.1, 'y': 1.1, 'z': 1.3}"
1528,9.99,1,"{'x': 0.2, 'y': 1.1, 'z': 0.9}"
1529,10.05,1,"{'x': -0.0, 'y': 1.1, 'z': 1.1}"
1530,10.01,1,"{'x': -0.1, 'y': 1.1, 'z': 1.3}"
1531,10.02,1,"{'x': -0.3, 'y': 1.1, 'z': 1.1}"
1532,9.95,1,"{'x': -0.3, 'y': 1.1, 'z': 1.2}"
1533,10.08,1,"{'x': -0.4, 'y': 1.1, 'z': 1.3}"
1534,9.95,1,"{'x': -0.4, 'y': 1.2, 'z': 1.3}"
1535,10.01,1,"{'x': -0.5, 'y': 1.3, 'z': 1.4}"
1536,10.02,1,"{'x': -0.5, 'y': 1.3, 'z': 1.4}"
1537,10.08,1,"{'x': -0.6, 'y': 1.2, 'z': 1.4}"
1538,10.01,1,"{'x': -0.7, 'y': 1.2, 'z': 1.3}"
1539,10.02,1,"{'x': -0.7, 'y': 1.2, 'z': 1.0}"
1540,9.89,1,"{'x': -0.8, 'y': 1.2, 'z': 1.2}"
1541,10.15,1,"{'x': -0.8, 'y': 1.2, 'z': 1.2}"
1542,9.95,1,"{'x': -0.8, 'y': 1.2, 'z': 1.4}"
1543,10.08,1,"{'x': -0.8, 'y': 1.2, 'z': 1.3}"
1544,10.01,1,"{'x': -0.8, 'y': 1.3, 'z': 1.2}"
1545,9.96,1,"{'x': -0.8, 'y': 1.3, 'z': 1.3}"
1546,10.06,1,"{'x': -0.8, 'y': 1.4, 'z': 1.2}"
1547,9.97,1,"{'x': -0.8, 'y': 1.4, 'z': 1.3}"
1548,10.2,1,"{'x': -0.8, 'y': 1.4, 'z': 1.4}"
1549,9.88,1,"{'x': -0.7, 'y': 1.4, 'z': 1.4}"
1550,9.97,1,"{'x': -0.7, 'y': 1.4, 'z': 1.3}"
1551,9.93,1,"{'x': -0.6, 'y': 1.4, 'z': 1.3}"
1552,10.1,1,"{'x': -0.6, 'y': 1.4, 'z': 1.3}"
1553,10.08,1,"{'x': -0.6, 'y': 1.3, 'z': 1.3}"
1554,9.99,1,"{'x': -0.6, 'y': 1.4, 'z': 1.0}"
1555,10.04,1,"{'x': -0.6, 'y': 1.3, 'z': 0.9}"
1556,9.89,1,"{'x': -0.6, 'y': 1.3, 'z': 1.0}"
1557,10.21,1,"{'x': -0.6, 'y': 1.3, 'z': 1.1}"
1558,10.02,1,"{'x': -0.6, 'y': 1.2, 'z': 1.2}"
1559,10.0,1,"{'x': -0.6, 'y': 1.2, 'z': 1.2}"
1560,10.04,1,"{'x': -0.6, 'y': 1.2, 'z': 1.2}"
1561,9.95,1,"{'x': -0.6, 'y': 1.2, 'z': 1.2}"
1562,9.95,1,"{'x': -0.6, 'y': 1.2, 'z': 1.3}"
1563,10.14,1,"{'x': -0.7, 'y': 1.2, 'z': 1.3}"
1564,9.95,1,"{'x': -0.7, 'y': 1.1, 'z': 1.2}"
1565,10.02,1,"{'x': -0.7, 'y': 1.2, 'z': 1.2}"
1566,9.95,1,"{'x': -0.7, 'y': 1.2, 'z': 1.3}"
1567,10.02,1,"{'x': -0.7, 'y': 1.2, 'z': 1.3}"
1568,10.08,1,"{'x': -0.7, 'y': 1.2, 'z': 1.2}"
1569,10.02,1,"{'x': -0.7, 'y': 1.2, 'z': 1.2}"
1570,10.01,1,"{'x': -0.7, 'y': 1.2, 'z': 1.2}"
1571,10.08,1,"{'x': -0.7, 'y': 1.1, 'z': 1.2}"
1572,9.95,1,"{'x': -0.7, 'y': 1.2, 'z': 1.2}"
1573,9.99,1,"{'x': -0.7, 'y': 1.2, 'z': 1.2}"
1574,10.1,1,"{'x': -0.7, 'y': 1.3, 'z': 1.2}"
1575,10.01,1,"{'x': -0.6, 'y': 1.3, 'z': 1.2}"
1576,9.89,1,"{'x': -0.6, 'y': 1.4, 'z': 1.3}"
1577,10.08,1,"{'x': -0.6, 'y': 1.3, 'z': 1.3}"
1578,10.02,1,"{'x': -0.7, 'y': 1.3, 'z': 1.3}"
1579,10.02,1,"{'x': -0.7, 'y': 1.4, 'z': 1.3}"
1580,9.95,1,"{'x': -0.7, 'y': 1.4, 'z': 1.3}"
1581,10.0,1,"{'x': -0.7, 'y': 1.5, 'z': 1.2}"
1582,10.04,1,"{'x': -0.7, 'y': 1.6, 'z': 1.2}"
1583,10.0,1,"{'x': -0.7, 'y': 1.6, 'z': 1.3}"
1584,9.97,1,"{'x': -0.7, 'y': 1.6, 'z': 1.4}"
1585,10.01,1,"{'x': -0.7, 'y': 1.6, 'z': 1.4}"
1586,10.08,1,"{'x': -0.7, 'y': 1.6, 'z': 1.4}"
1587,10.02,1,"{'x': -0.6, 'y': 1.6, 'z': 1.4}"
1588,9.94,1,"{'x': -0.7, 'y': 1.6, 'z': 1.4}"
1589,10.1,1,"{'x': -0.7, 'y': 1.6, 'z': 1.4}"
1590,10.08,1,"{'x': -0.7, 'y': 1.6, 'z': 1.3}"
1591,10.08,1,"{'x': -0.7, 'y': 1.6, 'z': 1.3}"
1592,9.95,1,"{'x': -0.7, 'y': 1.6, 'z': 1.3}"
1593,10.14,1,"{'x': -0.7, 'y': 1.6, 'z': 1.3}"
1594,10.02,1,"{'x': -0.7, 'y': 1.6, 'z': 1.3}"
1595,10.08,1,"{'x': -0.7, 'y': 1.6, 'z': 1.3}"
1596,10.02,1,"{'x': -0.7, 'y': 1.6, 'z': 1.3}"
1597,9.96,1,"{'x': -0.7, 'y': 1.6, 'z': 1.3}"
1598,9.96,1,"{'x': -0.7, 'y': 1.6, 'z': 1.3}"
1599,10.08,1,"{'x': -0.7, 'y': 1.6, 'z': 1.3}"
1600,10.06,1,"{'x': -0.7, 'y': 1.6, 'z': 1.3}"
1601,9.73,1,"{'x': -0.7, 'y': 1.6, 'z': 1.3}"
1602,10.27,1,"{'x': -0.7, 'y': 1.6, 'z': 1.3}"
1603,10.08,1,"{'x': -0.7, 'y': 1.6, 'z': 1.3}"
1604,10.01,1,"{'x': -0.7, 'y': 1.6, 'z': 1.3}"
1605,10.07,0,
1606,9.97,0,
1607,10.09,0,
1608,9.97,0,
1609,10.03,0,
1610,10.04,0,
1611,9.97,0,
1612,10.01,0,
1613,10.03,0,
1614,10.04,0,
1615,10.04,0,
1616,9.97,0,
1617,10.08,0,
1618,9.97,0,
1619,10.07,0,
1620,10.03,0,
1621,10.0,0,
1622,9.97,0,
1623,10.07,0,
1624,9.97,0,
1625,10.01,0,
1626,9.9,0,
1627,10.2,0,
1628,10.03,0,
1629,9.98,0,
1630,10.04,0,
1631,9.96,0,
1632,10.01,0,
1633,10.03,0,
1634,10.01,0,
1635,10.09,0,
1636,9.99,0,
1637,9.97,0,
1638,10.03,0,
1639,10.01,0,
1640,10.03,0,
1641,10.0,0,
1642,10.03,0,
1643,10.01,0,
1644,10.09,0,
1645,9.94,0,
1646,10.03,0,
1647,10.01,0,
1648,10.03,0,
1649,10.01,0,
1650,10.03,0,
1651,9.95,0,
1652,10.08,0,
1653,10.03,0,
1654,10.01,0,
1655,9.97,0,
1656,10.01,0,
1657,9.96,0,
1658,10.07,0,
1659,10.03,0,
1660,9.95,0,
1661,10.02,0,
1662,9.96,0,
1663,10.07,0,
1664,10.03,0,
1665,9.95,0,
1666,9.95,0,
1667,10.08,0,
1668,10.09,0,
1669,9.97,0,
1670,10.1,0,
1671,9.92,0,
1672,9.96,1,"{'x': -0.5, 'y': 1.1, 'z': 1.3}"
1673,9.94,1,"{'x': -0.5, 'y': 1.1, 'z': 1.3}"
1674,10.05,1,"{'x': -0.5, 'y': 1.2, 'z': 1.1}"
1675,9.99,1,"{'x': -0.5, 'y': 1.2, 'z': 1.2}"
1676,9.82,1,"{'x': -0.4, 'y': 1.2, 'z': 1.3}"
1677,10.27,1,"{'x': -0.4, 'y': 1.2, 'z': 1.3}"
1678,10.02,1,"{'x': -0.3, 'y': 1.2, 'z': 1.2}"
1679,10.08,1,"{'x': -0.3, 'y': 1.2, 'z': 1.2}"
1680,10.02,1,"{'x': -0.3, 'y': 1.2, 'z': 1.2}"
1681,9.89,1,"{'x': -0.2, 'y': 1.2, 'z': 1.2}"
1682,10.08,1,"{'x': -0.2, 'y': 1.1, 'z': 1.4}"
1683,9.95,1,"{'x': -0.0, 'y': 1.1, 'z': 1.2}"
1684,9.95,1,"{'x': 0.1, 'y': 1.1, 'z': 1.0}"
1685,10.02,1,"{'x': 0.2, 'y': 1.1, 'z': 1.0}"
1686,10.08,1,"{'x': 0.3, 'y': 1.1, 'z': 0.9}"
1687,10.07,1,"{'x': 0.3, 'y': 1.1, 'z': 1.0}"
1688,10.12,1,"{'x': 0.6, 'y': 1.2, 'z': 0.7}"
1689,9.99,1,"{'x': 0.3, 'y': 1.2, 'z': 1.0}"
1690,9.95,1,"{'x': 0.2, 'y': 1.3, 'z': 1.2}"
1691,10.01,1,"{'x': 0.2, 'y': 1.3, 'z': 1.2}"
1692,10.02,1,"{'x': 0.2, 'y': 1.4, 'z': 1.2}"
1693,9.94,1,"{'x': 0.2, 'y': 1.5, 'z': 1.2}"
1694,10.1,1,"{'x': 0.2, 'y': 1.5, 'z': 1.2}"
1695,10.02,1,"{'x': 0.2, 'y': 1.5, 'z': 1.3}"
1696,10.02,1,"{'x': 0.2, 'y': 1.6, 'z': 1.2}"
1697,9.95,1,"{'x': 0.3, 'y': 1.6, 'z': 1.2}"
1698,10.01,1,"{'x': 0.3, 'y': 1.6, 'z': 1.3}"
1699,10.08,1,"{'x': 0.3, 'y': 1.6, 'z': 1.3}"
1700,9.94,1,"{'x': 0.3, 'y': 1.6, 'z': 1.3}"
1701,9.91,1,"{'x': 0.4, 'y': 1.5, 'z': 1.3}"
1702,10.2,1,"{'x': 0.3, 'y': 1.6, 'z': 1.3}"
1703,10.08,1,"{'x': 0.3, 'y': 1.5, 'z': 1.2}"
1704,9.89,1,"{'x': 0.4, 'y': 1.5, 'z': 1.2}"
1705,10.02,1,"{'x': 0.4, 'y': 1.5, 'z': 1.2}"
1706,9.95,1,"{'x': 0.3, 'y': 1.4, 'z': 1.3}"
1707,10.02,1,"{'x': 0.3, 'y': 1.3, 'z': 1.3}"
1708,10.08,1,"{'x': 0.3, 'y': 1.2, 'z': 1.3}"
1709,10.02,1,"{'x': 0.2, 'y': 1.1, 'z': 1.4}"
1710,9.95,1,"{'x': 0.1, 'y': 0.9, 'z': 1.3}"
1711,9.96,1,"{'x': 0.2, 'y': 0.9, 'z': 1.2}"
1712,10.08,1,"{'x': 0.2, 'y': 0.8, 'z': 1.3}"
1713,10.08,1,"{'x': 0.1, 'y': 0.8, 'z': 1.4}"
1714,10.08,1,"{'x': 0.1, 'y': 0.9, 'z': 1.4}"
1715,10.02,1,"{'x': 0.2, 'y': 0.9, 'z': 1.1}"
1716,10.08,1,"{'x': 0.2, 'y': 0.9, 'z': 1.2}"
1717,9.83,1,"{'x': 0.1, 'y': 0.9, 'z': 1.3}"
1718,10.01,1,"{'x': 0.3, 'y': 0.9, 'z': 1.1}"
1719,10.02,1,"{'x': 0.3, 'y': 0.9, 'z': 1.1}"
1720,10.08,1,"{'x': 0.4, 'y': 0.9, 'z': 1.1}"
1721,9.95,1,"{'x': 0.3, 'y': 0.9, 'z': 1.1}"
1722,10.08,1,"{'x': 0.2, 'y': 0.9, 'z': 1.2}"
1723,10.0,1,"{'x': 0.2, 'y': 0.8, 'z': 1.3}"
1724,10.06,1,"{'x': 0.3, 'y': 0.7, 'z': 1.5}"
1725,9.99,1,"{'x': 0.3, 'y': 0.8, 'z': 1.6}"
1726,9.89,1,"{'x': 0.3, 'y': 0.8, 'z': 1.5}"
1727,10.13,1,"{'x': 0.4, 'y': 0.8, 'z': 1.6}"
1728,10.02,1,"{'x': 0.3, 'y': 0.8, 'z': 1.5}"
1729,10.12,1,"{'x': 0.3, 'y': 0.8, 'z': 1.4}"
1730,9.87,1,"{'x': 0.3, 'y': 0.9, 'z': 1.4}"
1731,10.06,1,"{'x': 0.3, 'y': 0.8, 'z': 1.4}"
1732,9.99,1,"{'x': 0.2, 'y': 1.1, 'z': 1.1}"
1733,10.13,1,"{'x': 0.2, 'y': 1.0, 'z': 1.2}"
1734,10.07,1,"{'x': 0.2, 'y': 1.0, 'z': 1.3}"
1735,9.96,1,"{'x': 0.2, 'y': 0.9, 'z': 1.4}"
1736,9.94,1,"{'x': 0.2, 'y': 0.9, 'z': 1.4}"
1737,10.03,1,"{'x': 0.3, 'y': 0.9, 'z': 1.4}"
1738,10.08,1,"{'x': 0.2, 'y': 0.9, 'z': 1.4}"
1739,10.02,1,"{'x': 0.2, 'y': 1.0, 'z': 1.4}"
1740,10.0,1,"{'x': 0.1, 'y': 1.0, 'z': 1.4}"
1741,9.91,1,"{'x': 0.1, 'y': 1.0, 'z': 1.4}"
1742,10.14,1,"{'x': 0.4, 'y': 1.1, 'z': 1.0}"
1743,9.96,1,"{'x': 0.2, 'y': 1.0, 'z': 1.2}"
1744,10.0,1,"{'x': 0.1, 'y': 0.9, 'z': 1.3}"
1745,10.09,1,"{'x': -0.0, 'y': 1.2, 'z': 1.0}"
1746,10.01,1,"{'x': -0.1, 'y': 1.0, 'z': 1.2}"
1747,9.96,1,"{'x': -0.1, 'y': 1.0, 'z': 1.3}"
1748,10.08,1,"{'x': -0.2, 'y': 0.9, 'z': 1.3}"
1749,9.9,1,"{'x': -0.2, 'y': 1.0, 'z': 1.0}"
1750,10.14,1,"{'x': -0.3, 'y': 1.0, 'z': 1.2}"
1751,9.83,1,"{'x': -0.3, 'y': 1.0, 'z': 1.3}"
1752,10.19,1,"{'x': -0.4, 'y': 1.0, 'z': 1.2}"
1753,9.97,1,"{'x': -0.4, 'y': 1.1, 'z': 1.2}"
1754,9.95,1,"{'x': -0.5, 'y': 1.2, 'z': 1.2}"
1755,10.06,1,"{'x': -0.5, 'y': 1.3, 'z': 1.2}"
1756,9.99,1,"{'x': -0.5, 'y': 1.2, 'z': 1.4}"
1757,9.93,1,"{'x': -0.6, 'y': 1.1, 'z': 1.4}"
1758,10.12,1,"{'x': -0.6, 'y': 1.0, 'z': 1.4}"
1759,9.98,1,"{'x': -0.5, 'y': 0.9, 'z': 1.2}"
1760,10.01,1,"{'x': -0.5, 'y': 1.0, 'z': 1.2}"
1761,10.0,1,"{'x': -0.5, 'y': 1.0, 'z': 1.3}"
1762,9.97,1,"{'x': -0.5, 'y': 1.0, 'z': 1.3}"
1763,10.08,1,"{'x': -0.5, 'y': 1.0, 'z': 1.3}"
1764,10.02,1,"{'x': -0.4, 'y': 1.1, 'z': 1.3}"
1765,10.08,1,"{'x': -0.5, 'y': 1.0, 'z': 1.2}"
1766,9.99,1,"{'x': -0.5, 'y': 0.9, 'z': 1.2}"
1767,10.1,1,"{'x': -0.5, 'y': 0.9, 'z': 1.3}"
1768,9.87,1,"{'x': -0.5, 'y': 0.9, 'z': 1.3}"
1769,10.1,1,"{'x': -0.5, 'y': 0.9, 'z': 1.3}"
1770,10.01,1,"{'x': -0.5, 'y': 0.9, 'z': 1.3}"
1771,9.96,1,"{'x': -0.5, 'y': 0.9, 'z': 1.4}"
1772,10.08,1,"{'x': -0.4, 'y': 0.9, 'z': 1.4}"
1773,9.89,1,"{'x': -0.4, 'y': 0.9, 'z': 1.4}"
1774,10.02,1,"{'x': -0.5, 'y': 0.9, 'z': 1.4}"
1775,10.08,1,"{'x': -0.4, 'y': 0.9, 'z': 1.4}"
1776,9.95,1,"{'x': -0.4, 'y': 0.9, 'z': 1.3}"
1777,10.08,1,"{'x': -0.5, 'y': 0.9, 'z': 1.3}"
1778,10.02,1,"{'x': -0.5, 'y': 0.9, 'z': 1.3}"
1779,10.02,1,"{'x': -0.5, 'y': 0.9, 'z': 1.3}"
1780,10.08,1,"{'x': -0.4, 'y': 1.1, 'z': 1.1}"
1781,9.95,1,"{'x': -0.4, 'y': 1.0, 'z': 1.3}"
1782,9.95,1,"{'x': -0.4, 'y': 1.0, 'z': 1.1}"
1783,10.08,1,"{'x': -0.5, 'y': 1.1, 'z': 1.0}"
1784,10.02,1,"{'x': -0.4, 'y': 1.0, 'z': 1.3}"
1785,10.01,1,"{'x': -0.5, 'y': 0.9, 'z': 1.4}"
1786,10.02,1,"{'x': -0.4, 'y': 0.9, 'z': 1.5}"
1787,10.02,1,"{'x': -0.5, 'y': 1.0, 'z': 1.3}"
1788,10.08,1,"{'x': -0.4, 'y': 1.0, 'z': 1.5}"
1789,9.89,1,"{'x': -0.5, 'y': 1.0, 'z': 1.5}"
1790,10.14,1,"{'x': -0.6, 'y': 1.0, 'z': 1.5}"
1791,9.95,1,"{'x': -0.6, 'y': 1.0, 'z': 1.4}"
1792,9.99,1,"{'x': -0.7, 'y': 1.0, 'z': 1.4}"
1793,10.04,1,"{'x': -0.6, 'y': 1.2, 'z': 1.4}"
1794,10.06,1,"{'x': -0.7, 'y': 1.3, 'z': 1.3}"
1795,10.03,1,"{'x': -0.6, 'y': 1.3, 'z': 1.3}"
1796,9.99,1,"{'x': -0.6, 'y': 1.3, 'z': 1.3}"
1797,9.92,1,"{'x': -0.5, 'y': 1.4, 'z': 1.4}"
1798,10.14,1,"{'x': -0.5, 'y': 1.4, 'z': 1.3}"
1799,9.96,1,"{'x': -0.5, 'y': 1.5, 'z': 1.3}"
1800,10.12,1,"{'x': -0.4, 'y': 1.6, 'z': 1.2}"
1801,9.85,1,"{'x': -0.4, 'y': 1.7, 'z': 0.8}"
1802,10.25,1,"{'x': -0.4, 'y': 1.7, 'z': 0.9}"
1803,9.98,1,"{'x': -0.4, 'y': 1.8, 'z': 1.1}"
1804,10.08,1,"{'x': -0.4, 'y': 1.9, 'z': 1.2}"
1805,10.02,1,"{'x': -0.5, 'y': 2.0, 'z': 1.1}"
1806,9.89,1,"{'x': -0.4, 'y': 2.2, 'z': 1.1}"
1807,10.0,1,"{'x': -0.3, 'y': 2.1, 'z': 1.3}"
1808,10.1,1,"{'x': -0.3, 'y': 2.1, 'z': 1.4}"
1809,10.08,1,"{'x': -0.3, 'y': 2.1, 'z': 1.0}"
1810,9.96,1,"{'x': -0.3, 'y': 2.2, 'z': 1.0}"
1811,9.95,1,"{'x': -0.3, 'y': 2.2, 'z': 0.9}"
1812,10.08,1,"{'x': -0.3, 'y': 2.3, 'z': 0.9}"
1813,10.02,1,"{'x': -0.3, 'y': 2.4, 'z': 0.8}"
1814,10.06,1,"{'x': -0.3, 'y': 2.4, 'z': 0.8}"
1815,9.91,1,"{'x': -0.3, 'y': 2.3, 'z': 0.7}"
1816,10.19,1,"{'x': -0.3, 'y': 2.3, 'z': 0.7}"
1817,10.04,1,"{'x': -0.3, 'y': 2.3, 'z': 0.7}"
1818,9.95,1,"{'x': -0.3, 'y': 2.3, 'z': 0.7}"
1819,9.95,1,"{'x': -0.3, 'y': 2.2, 'z': 0.7}"
1820,10.13,1,"{'x': -0.3, 'y': 2.2, 'z': 0.7}"
1821,9.93,1,"{'x': -0.4, 'y': 2.3, 'z': 0.7}"
1822,10.06,1,"{'x': -0.4, 'y': 2.3, 'z': 0.8}"
1823,9.96,1,"{'x': -0.4, 'y': 2.4, 'z': 0.8}"
1824,9.95,1,"{'x': -0.4, 'y': 2.4, 'z': 0.8}"
1825,10.02,1,"{'x': -0.4, 'y': 2.4, 'z': 0.8}"
1826,9.95,1,"{'x': -0.4, 'y': 2.4, 'z': 0.8}"
1827,10.14,1,"{'x': -0.4, 'y': 2.4, 'z': 0.8}"
1828,10.01,1,"{'x': -0.4, 'y': 2.4, 'z': 0.8}"
1829,10.02,1,"{'x': -0.4, 'y': 2.4, 'z': 0.8}"
1830,9.95,1,"{'x': -0.4, 'y': 2.5, 'z': 0.8}"
1831,10.02,1,"{'x': -0.4, 'y': 2.5, 'z': 0.8}"
1832,10.01,1,"{'x': -0.4, 'y': 2.5, 'z': 0.9}"
1833,10.02,1,"{'x': -0.4, 'y': 2.5, 'z': 1.0}"
1834,9.95,1,"{'x': -0.5, 'y': 2.5, 'z': 0.9}"
1835,10.08,1,"{'x': -0.4, 'y': 2.5, 'z': 0.9}"
1836,10.01,1,"{'x': -0.4, 'y': 2.5, 'z': 0.9}"
1837,10.02,1,"{'x': -0.4, 'y': 2.5, 'z': 0.9}"
1838,10.08,1,"{'x': -0.5, 'y': 2.5, 'z': 0.9}"
1839,10.14,1,"{'x': -0.5, 'y': 2.5, 'z': 0.9}"
1840,9.83,1,"{'x': -0.5, 'y': 2.4, 'z': 0.9}"
1841,10.02,1,"{'x': -0.4, 'y': 2.5, 'z': 0.8}"
1842,10.02,1,"{'x': -0.4, 'y': 2.4, 'z': 0.8}"
1843,10.08,1,"{'x': -0.4, 'y': 2.4, 'z': 0.8}"
1844,9.89,1,"{'x': -0.4, 'y': 2.4, 'z': 0.8}"
1845,10.08,1,"{'x': -0.5, 'y': 2.4, 'z': 0.8}"
1846,9.95,1,"{'x': -0.5, 'y': 2.4, 'z': 0.8}"
1847,10.14,1,"{'x': -0.5, 'y': 2.4, 'z': 0.9}"
1848,9.95,1,"{'x': -0.5, 'y': 2.3, 'z': 0.8}"
1849,10.0,1,"{'x': -0.4, 'y': 2.4, 'z': 0.8}"
1850,10.19,1,"{'x': -0.4, 'y': 2.4, 'z': 0.8}"
1851,9.75,1,"{'x': -0.5, 'y': 2.4, 'z': 0.9}"
1852,10.19,1,"{'x': -0.5, 'y': 2.4, 'z': 0.9}"
1853,9.84,1,"{'x': -0.4, 'y': 2.3, 'z': 0.8}"
1854,10.08,1,"{'x': -0.4, 'y': 2.4, 'z': 0.8}"
1855,10.12,1,"{'x': -0.4, 'y': 2.4, 'z': 0.9}"
1856,9.98,1,"{'x': -0.4, 'y': 2.5, 'z': 0.9}"
1857,10.08,1,"{'x': -0.4, 'y': 2.4, 'z': 0.9}"
1858,10.02,1,"{'x': -0.5, 'y': 2.4, 'z': 0.9}"
1859,9.95,1,"{'x': -0.4, 'y': 2.4, 'z': 0.8}"
1860,9.95,1,"{'x': -0.3, 'y': 2.3, 'z': 0.8}"
1861,10.08,1,"{'x': -0.4, 'y': 2.3, 'z': 0.8}"
1862,10.02,1,"{'x': -0.4, 'y': 2.3, 'z': 0.8}"
1863,10.02,1,"{'x': -0.4, 'y': 2.4, 'z': 0.8}"
1864,10.01,1,"{'x': -0.4, 'y': 2.4, 'z': 0.8}"
1865,10.02,1,"{'x': -0.4, 'y': 2.4, 'z': 0.8}"
1866,9.96,1,"{'x': -0.4, 'y': 2.4, 'z': 0.9}"
1867,10.01,1,"{'x': -0.5, 'y': 2.4, 'z': 0.8}"
1868,10.01,1,"{'x': -0.4, 'y': 2.4, 'z': 0.9}"
1869,10.08,1,"{'x': -0.4, 'y': 2.4, 'z': 0.9}"
1870,10.14,1,"{'x': -0.4, 'y': 2.4, 'z': 0.9}"
1871,10.02,1,"{'x': -0.4, 'y': 2.4, 'z': 0.9}"
1872,9.95,1,"{'x': -0.5, 'y': 2.4, 'z': 0.9}"
1873,10.02,1,"{'x': -0.5, 'y': 2.4, 'z': 0.9}"
1874,10.08,1,"{'x': -0.5, 'y': 2.4, 'z': 0.9}"
1875,10.08,1,"{'x': -0.5, 'y': 2.4, 'z': 0.9}"
1876,9.71,1,"{'x': -0.5, 'y': 2.4, 'z': 0.8}"
1877,10.15,1,"{'x': -0.4, 'y': 2.4, 'z': 0.8}"
1878,10.14,1,"{'x': -0.4, 'y': 2.4, 'z': 0.8}"
1879,9.95,1,"{'x': -0.4, 'y': 2.4, 'z': 0.8}"
1880,10.08,1,"{'x': -0.4, 'y': 2.4, 'z': 0.8}"
1881,10.0,1,"{'x': -0.4, 'y': 2.4, 'z': 0.8}"
1882,9.91,1,"{'x': -0.4, 'y': 2.4, 'z': 0.8}"
1883,10.21,1,"{'x': -0.4, 'y': 2.4, 'z': 0.8}"
1884,9.89,1,"{'x': -0.4, 'y': 2.4, 'z': 0.8}"
1885,10.14,1,"{'x': -0.4, 'y': 2.4, 'z': 0.8}"
1886,9.93,1,"{'x': -0.4, 'y': 2.4, 'z': 0.8}"
1887,10.04,1,"{'x': -0.4, 'y': 2.4, 'z': 0.9}"
1888,9.95,1,"{'x': -0.5, 'y': 2.4, 'z': 0.9}"
1889,10.08,1,"{'x': -0.4, 'y': 2.4, 'z': 1.0}"
1890,10.02,1,"{'x': -0.4, 'y': 2.4, 'z': 1.0}"
1891,10.08,1,"{'x': -0.4, 'y': 2.4, 'z': 1.0}"
1892,9.93,1,"{'x': -0.4, 'y': 2.5, 'z': 1.1}"
1893,10.04,1,"{'x': -0.4, 'y': 2.5, 'z': 1.1}"
1894,10.0,1,"{'x': -0.4, 'y': 2.5, 'z': 1.1}"
1895,10.12,1,"{'x': -0.4, 'y': 2.5, 'z': 1.1}"
1896,9.87,1,"{'x': -0.5, 'y': 2.5, 'z': 1.1}"
1897,9.96,1,"{'x': -0.5, 'y': 2.4, 'z': 1.0}"
1898,10.14,1,"{'x': -0.5, 'y': 2.4, 'z': 1.0}"
1899,9.95,1,"{'x': -0.5, 'y': 2.4, 'z': 0.9}"
1900,10.14,1,"{'x': -0.5, 'y': 2.4, 'z': 0.9}"
1901,9.83,1,"{'x': -0.5, 'y': 2.4, 'z': 0.9}"
1902,10.21,1,"{'x': -0.5, 'y': 2.4, 'z': 0.9}"
1903,10.01,1,"{'x': -0.5, 'y': 2.4, 'z': 0.9}"
1904,10.08,1,"{'x': -0.5, 'y': 2.4, 'z': 0.9}"
1905,9.89,1,"{'x': -0.5, 'y': 2.4, 'z': 0.9}"
1906,9.95,1,"{'x': -0.5, 'y': 2.4, 'z': 1.0}"
1907,10.01,1,"{'x': -0.5, 'y': 2.4, 'z': 1.0}"
1908,10.15,1,"{'x': -0.5, 'y': 2.4, 'z': 1.0}"
1909,10.02,1,"{'x': -0.5, 'y': 2.4, 'z': 1.0}"
1910,9.95,1,"{'x': -0.5, 'y': 2.4, 'z': 1.0}"
1911,10.01,1,"{'x': -0.5, 'y': 2.4, 'z': 1.0}"
1912,10.06,1,"{'x': -0.5, 'y': 2.4, 'z': 1.0}"
1913,9.91,1,"{'x': -0.5, 'y': 2.4, 'z': 1.0}"
1914,10.01,1,"{'x': -0.4, 'y': 2.4, 'z': 0.9}"
1915,10.02,1,"{'x': -0.4, 'y': 2.4, 'z': 0.9}"
1916,10.06,1,"{'x': -0.4, 'y': 2.4, 'z': 0.8}"
1917,10.1,1,"{'x': -0.4, 'y': 2.4, 'z': 0.8}"
1918,9.89,1,"{'x': -0.5, 'y': 2.4, 'z': 0.9}"
1919,10.02,1,"{'x': -0.4, 'y': 2.4, 'z': 1.0}"
1920,10.06,1,"{'x': -0.4, 'y': 2.4, 'z': 1.0}"
1921,9.91,1,"{'x': -0.4, 'y': 2.4, 'z': 0.9}"
1922,10.14,1,"{'x': -0.4, 'y': 2.4, 'z': 0.9}"
1923,10.08,1,"{'x': -0.4, 'y': 2.4, 'z': 0.9}"
1924,9.95,1,"{'x': -0.4, 'y': 2.4, 'z': 0.9}"
1925,10.08,1,"{'x': -0.4, 'y': 2.4, 'z': 0.9}"
1926,9.89,1,"{'x': -0.4, 'y': 2.4, 'z': 0.9}"
1927,10.15,1,"{'x': -0.4, 'y': 2.4, 'z': 0.9}"
1928,9.89,1,"{'x': -0.5, 'y': 2.4, 'z': 0.9}"
1929,10.02,1,"{'x': -0.5, 'y': 2.4, 'z': 1.0}"
1930,9.99,1,"{'x': -0.4, 'y': 2.4, 'z': 0.9}"
1931,10.04,1,"{'x': -0.4, 'y': 2.4, 'z': 1.0}"
1932,10.14,1,"{'x': -0.4, 'y': 2.4, 'z': 1.0}"
1933,10.02,1,"{'x': -0.4, 'y': 2.4, 'z': 1.0}"
1934,9.95,1,"{'x': -0.4, 'y': 2.4, 'z': 1.0}"
1935,9.95,1,"{'x': -0.4, 'y': 2.4, 'z': 1.0}"
1936,10.01,1,"{'x': -0.5, 'y': 2.4, 'z': 1.0}"
1937,10.02,1,"{'x': -0.4, 'y': 2.5, 'z': 1.1}"
1938,10.06,1,"{'x': -0.4, 'y': 2.5, 'z': 1.1}"
1939,10.0,1,"{'x': -0.4, 'y': 2.4, 'z': 1.0}"
1940,9.99,1,"{'x': -0.4, 'y': 2.5, 'z': 1.1}"
1941,10.0,1,"{'x': -0.4, 'y': 2.5, 'z': 1.1}"
1942,10.03,1,"{'x': -0.4, 'y': 2.5, 'z': 1.1}"
1943,10.14,1,"{'x': -0.4, 'y': 2.5, 'z': 1.1}"
1944,10.02,1,"{'x': -0.4, 'y': 2.5, 'z': 1.1}"
1945,9.83,1,"{'x': -0.5, 'y': 2.5, 'z': 1.0}"
1946,10.14,1,"{'x': -0.5, 'y': 2.5, 'z': 1.0}"
1947,9.95,1,"{'x': -0.3, 'y': 2.4, 'z': 0.8}"
1948,10.08,1,"{'x': -0.3, 'y': 2.4, 'z': 0.9}"
1949,9.95,1,"{'x': -0.4, 'y': 2.4, 'z': 1.0}"
1950,10.01,1,"{'x': -0.4, 'y': 2.4, 'z': 1.0}"
1951,9.83,1,"{'x': -0.4, 'y': 2.4, 'z': 0.9}"
1952,10.19,1,"{'x': -0.4, 'y': 2.4, 'z': 0.9}"
1953,10.06,1,"{'x': -0.4, 'y': 2.4, 'z': 0.9}"
1954,9.99,1,"{'x': -0.4, 'y': 2.5, 'z': 1.0}"
1955,10.01,1,"{'x': -0.4, 'y': 2.4, 'z': 0.9}"
1956,10.01,1,"{'x': -0.4, 'y': 2.5, 'z': 0.9}"
1957,10.0,1,"{'x': -0.4, 'y': 2.5, 'z': 0.8}"
1958,9.99,1,"{'x': -0.4, 'y': 2.4, 'z': 0.8}"
1959,10.14,1,"{'x': -0.4, 'y': 2.5, 'z': 0.9}"
1960,9.95,1,"{'x': -0.4, 'y': 2.5, 'z': 1.0}"
1961,10.02,1,"{'x': -0.4, 'y': 2.5, 'z': 0.9}"
1962,10.14,1,"{'x': -0.4, 'y': 2.5, 'z': 0.9}"
1963,10.02,1,"{'x': -0.4, 'y': 2.5, 'z': 0.9}"
1964,10.01,1,"{'x': -0.4, 'y': 2.5, 'z': 0.9}"
1965,9.95,1,"{'x': -0.4, 'y': 2.5, 'z': 0.9}"
1966,9.87,1,"{'x': -0.4, 'y': 2.5, 'z': 0.8}"
1967,10.04,1,"{'x': -0.4, 'y': 2.4, 'z': 0.8}"
1968,10.06,1,"{'x': -0.4, 'y': 2.4, 'z': 0.8}"
1969,10.04,1,"{'x': -0.4, 'y': 2.4, 'z': 0.9}"
1970,10.01,1,"{'x': -0.4, 'y': 2.4, 'z': 0.9}"
1971,10.08,1,"{'x': -0.4, 'y': 2.4, 'z': 0.9}"
1972,9.95,1,"{'x': -0.4, 'y': 2.4, 'z': 0.8}"
1973,10.01,1,"{'x': -0.4, 'y': 2.4, 'z': 0.9}"
1974,10.02,1,"{'x': -0.4, 'y': 2.4, 'z': 1.0}"
1975,10.02,1,"{'x': -0.4, 'y': 2.5, 'z': 1.0}"
1976,9.95,1,"{'x': -0.4, 'y': 2.5, 'z': 1.0}"
1977,10.08,1,"{'x': -0.4, 'y': 2.5, 'z': 1.0}"
1978,10.08,1,"{'x': -0.4, 'y': 2.5, 'z': 1.0}"
1979,9.95,1,"{'x': -0.4, 'y': 2.5, 'z': 1.0}"
1980,10.01,1,"{'x': -0.5, 'y': 2.5, 'z': 1.0}"
1981,9.89,1,"{'x': -0.5, 'y': 2.5, 'z': 1.0}"
1982,10.15,1,"{'x': -0.5, 'y': 2.5, 'z': 1.0}"
1983,9.95,1,"{'x': -0.5, 'y': 2.5, 'z': 1.0}"
1984,9.95,1,"{'x': -0.4, 'y': 2.4, 'z': 0.9}"
1985,9.99,1,"{'x': -0.4, 'y': 2.4, 'z': 0.8}"
1986,10.04,1,"{'x': -0.4, 'y': 2.4, 'z': 0.8}"
1987,10.08,1,"{'x': -0.4, 'y': 2.4, 'z': 0.9}"
1988,9.96,1,"{'x': -0.4, 'y': 2.3, 'z': 0.9}"
1989,10.01,1,"{'x': -0.4, 'y': 2.3, 'z': 0.9}"
1990,10.02,1,"{'x': -0.4, 'y': 2.2, 'z': 0.9}"
1991,9.93,1,"{'x': -0.4, 'y': 2.1, 'z': 1.0}"
1992,10.04,1,"{'x': -0.4, 'y': 2.1, 'z': 0.9}"
1993,10.08,1,"{'x': -0.4, 'y': 2.0, 'z': 1.0}"
1994,10.02,1,"{'x': -0.3, 'y': 1.8, 'z': 1.1}"
1995,10.02,1,"{'x': -0.3, 'y': 1.7, 'z': 1.2}"
1996,9.95,1,"{'x': -0.2, 'y': 1.7, 'z': 1.2}"
1997,10.01,1,"{'x': -0.3, 'y': 1.7, 'z': 1.2}"
1998,10.08,1,"{'x': -0.2, 'y': 1.7, 'z': 1.3}"
1999,10.08,1,"{'x': -0.2, 'y': 1.7, 'z': 1.3}"
2000,9.95,1,"{'x': -0.2, 'y': 1.8, 'z': 1.4}"
2001,9.89,1,"{'x': -0.2, 'y': 1.8, 'z': 1.3}"
2002,10.15,1,"{'x': -0.3, 'y': 1.7, 'z': 1.3}"
2003,10.08,1,"{'x': -0.3, 'y': 1.7, 'z': 1.2}"
2004,9.89,1,"{'x': -0.3, 'y': 1.8, 'z': 1.3}"
2005,9.95,1,"{'x': -0.2, 'y': 1.9, 'z': 1.2}"
2006,10.08,1,"{'x': -0.3, 'y': 1.8, 'z': 1.1}"
2007,10.06,1,"{'x': -0.3, 'y': 1.8, 'z': 1.2}"
2008,10.03,1,"{'x': -0.3, 'y': 1.8, 'z': 1.2}"
2009,10.01,1,"{'x': -0.3, 'y': 1.7, 'z': 1.2}"
2010,10.02,1,"{'x': -0.1, 'y': 1.7, 'z': 0.9}"
2011,9.95,1,"{'x': -0.1, 'y': 1.7, 'z': 0.9}"
2012,10.02,1,"{'x': -0.1, 'y': 1.6, 'z': 1.1}"
2013,9.95,1,"{'x': -0.1, 'y': 1.6, 'z': 1.2}"
2014,10.15,1,"{'x': -0.1, 'y': 1.5, 'z': 1.3}"
2015,9.95,1,"{'x': -0.1, 'y': 1.5, 'z': 1.3}"
2016,10.01,1,"{'x': -0.1, 'y': 1.7, 'z': 0.8}"
2017,10.01,1,"{'x': 0.1, 'y': 1.5, 'z': 0.7}"
2018,10.0,1,"{'x': 0.4, 'y': 1.4, 'z': 0.5}"
2019,10.1,1,"{'x': 0.5, 'y': 1.2, 'z': 0.5}"
2020,10.01,1,"{'x': 0.6, 'y': 1.1, 'z': 0.5}"
2021,9.96,1,"{'x': 0.7, 'y': 1.1, 'z': 0.6}"
2022,9.95,1,"{'x': 0.5, 'y': 1.0, 'z': 0.8}"
2023,10.02,1,"{'x': 0.2, 'y': 0.9, 'z': 1.1}"
2024,9.95,1,"{'x': 0.4, 'y': 0.9, 'z': 1.0}"
2025,10.21,1,"{'x': 0.4, 'y': 0.9, 'z': 1.1}"
2026,9.83,1,"{'x': 0.5, 'y': 0.9, 'z': 1.1}"
2027,10.07,1,"{'x': 0.3, 'y': 0.9, 'z': 1.2}"
2028,10.0,1,"{'x': 0.2, 'y': 0.9, 'z': 1.3}"
2029,9.99,1,"{'x': 0.2, 'y': 0.8, 'z': 1.4}"
2030,10.14,1,"{'x': 0.4, 'y': 0.8, 'z': 1.3}"
2031,9.87,1,"{'x': 0.3, 'y': 0.8, 'z': 1.3}"
2032,10.16,1,"{'x': 0.1, 'y': 0.7, 'z': 1.3}"
2033,9.83,1,"{'x': 0.4, 'y': 0.8, 'z': 1.3}"
2034,10.19,1,"{'x': 0.2, 'y': 0.7, 'z': 1.3}"
2035,10.0,1,"{'x': 0.2, 'y': 0.7, 'z': 1.3}"
2036,9.99,1,"{'x': 0.3, 'y': 0.8, 'z': 1.1}"
2037,10.08,1,"{'x': 0.3, 'y': 0.8, 'z': 0.9}"
2038,10.05,1,"{'x': 0.3, 'y': 0.8, 'z': 0.9}"
2039,9.92,1,"{'x': 0.5, 'y': 0.8, 'z': 0.9}"
2040,9.99,1,"{'x': 0.4, 'y': 0.8, 'z': 1.0}"
2041,10.04,1,"{'x': 0.4, 'y': 0.8, 'z': 1.3}"
2042,9.95,1,"{'x': 0.3, 'y': 0.8, 'z': 1.4}"
2043,10.08,1,"{'x': 0.5, 'y': 0.8, 'z': 1.4}"
2044,10.02,1,"{'x': 0.5, 'y': 0.8, 'z': 1.1}"
2045,10.02,1,"{'x': 0.5, 'y': 0.8, 'z': 1.0}"
2046,10.08,1,"{'x': 0.5, 'y': 0.8, 'z': 0.9}"
2047,10.08,1,"{'x': 0.6, 'y': 0.9, 'z': 0.8}"
2048,10.02,1,"{'x': 0.6, 'y': 0.9, 'z': 0.6}"
2049,9.94,1,"{'x': 0.7, 'y': 0.9, 'z': 0.6}"
2050,9.97,1,"{'x': 0.5, 'y': 0.8, 'z': 0.8}"
2051,9.95,1,"{'x': 0.5, 'y': 0.8, 'z': 0.8}"
2052,10.08,1,"{'x': 0.6, 'y': 0.9, 'z': 1.0}"
2053,10.02,1,"{'x': 0.5, 'y': 0.8, 'z': 1.3}"
2054,10.02,1,"{'x': 0.5, 'y': 0.8, 'z': 1.2}"
2055,10.02,1,"{'x': 0.4, 'y': 0.7, 'z': 1.3}"
2056,10.0,1,"{'x': 0.3, 'y': 0.7, 'z': 1.3}"
2057,10.1,1,"{'x': 0.4, 'y': 0.8, 'z': 1.3}"
2058,10.01,1,"{'x': 0.4, 'y': 0.7, 'z': 1.1}"
2059,10.08,1,"{'x': 0.5, 'y': 0.8, 'z': 0.7}"
2060,9.95,1,"{'x': 0.3, 'y': 0.7, 'z': 1.1}"
2061,9.99,1,"{'x': 0.3, 'y': 0.7, 'z': 1.0}"
2062,10.1,1,"{'x': 0.3, 'y': 0.7, 'z': 1.2}"
2063,10.02,1,"{'x': 0.3, 'y': 0.7, 'z': 1.3}"
2064,9.95,1,"{'x': 0.3, 'y': 0.7, 'z': 1.3}"
2065,10.01,1,"{'x': 0.3, 'y': 0.7, 'z': 1.5}"
2066,9.93,1,"{'x': 0.2, 'y': 0.8, 'z': 1.4}"
2067,10.04,1,"{'x': 0.2, 'y': 0.8, 'z': 1.4}"
2068,10.01,1,"{'x': 0.4, 'y': 0.8, 'z': 1.5}"
2069,10.02,1,"{'x': 0.4, 'y': 0.8, 'z': 1.6}"
2070,10.01,1,"{'x': 0.3, 'y': 0.8, 'z': 1.5}"
2071,10.0,1,"{'x': 0.3, 'y': 0.8, 'z': 1.5}"
2072,9.98,1,"{'x': 0.3, 'y': 0.8, 'z': 1.3}"
2073,10.08,1,"{'x': 0.3, 'y': 0.8, 'z': 1.4}"
2074,10.08,1,"{'x': 0.2, 'y': 0.8, 'z': 1.4}"
2075,10.02,1,"{'x': 0.3, 'y': 0.8, 'z': 1.0}"
2076,9.89,1,"{'x': 0.3, 'y': 0.8, 'z': 1.2}"
2077,10.0,1,"{'x': 0.2, 'y': 0.9, 'z': 1.3}"
2078,10.1,1,"{'x': 0.2, 'y': 0.9, 'z': 1.4}"
2079,9.95,1,"{'x': 0.2, 'y': 1.1, 'z': 1.2}"
2080,10.02,1,"{'x': 0.2, 'y': 1.0, 'z': 1.3}"
2081,10.13,1,"{'x': 0.3, 'y': 1.0, 'z': 1.3}"
2082,10.0,1,"{'x': 0.3, 'y': 1.0, 'z': 1.4}"
2083,9.99,1,"{'x': 0.3, 'y': 1.0, 'z': 1.4}"
2084,9.95,1,"{'x': 0.4, 'y': 0.9, 'z': 1.5}"
2085,10.08,1,"{'x': 0.3, 'y': 1.1, 'z': 1.3}"
2086,9.95,1,"{'x': 0.3, 'y': 1.0, 'z': 1.4}"
2087,10.02,1,"{'x': 0.3, 'y': 1.0, 'z': 1.5}"
2088,10.08,1,"{'x': 0.3, 'y': 1.0, 'z': 1.4}"
2089,10.08,1,"{'x': 0.3, 'y': 1.0, 'z': 1.4}"
2090,10.12,1,"{'x': 0.3, 'y': 1.0, 'z': 1.3}"
2091,9.91,1,"{'x': 0.3, 'y': 1.1, 'z': 1.4}"
2092,9.95,1,"{'x': 0.2, 'y': 1.0, 'z': 1.4}"
2093,10.08,1,"{'x': 0.2, 'y': 1.0, 'z': 1.4}"
2094,9.95,1,"{'x': -0.0, 'y': 1.0, 'z': 1.0}"
2095,10.01,1,"{'x': 0.0, 'y': 0.9, 'z': 1.2}"
2096,10.11,1,"{'x': 0.3, 'y': 1.0, 'z': 0.8}"
2097,9.99,1,"{'x': 0.1, 'y': 0.8, 'z': 1.1}"
2098,10.02,1,"{'x': 0.0, 'y': 0.7, 'z': 1.3}"
2099,9.95,1,"{'x': -0.1, 'y': 0.7, 'z': 1.3}"
2100,10.0,1,"{'x': -0.2, 'y': 0.7, 'z': 1.4}"
2101,9.85,1,"{'x': -0.2, 'y': 0.7, 'z': 1.4}"
2102,10.19,1,"{'x': -0.3, 'y': 0.8, 'z': 1.3}"
2103,9.97,1,"{'x': -0.3, 'y': 0.8, 'z': 1.3}"
2104,9.89,1,"{'x': -0.4, 'y': 0.9, 'z': 1.3}"
2105,10.19,1,"{'x': -0.5, 'y': 1.0, 'z': 1.3}"
2106,9.97,1,"{'x': -0.5, 'y': 1.1, 'z': 1.4}"
2107,10.0,1,"{'x': -0.5, 'y': 1.2, 'z': 1.4}"
2108,10.09,1,"{'x': -0.6, 'y': 1.4, 'z': 1.4}"
2109,9.93,1,"{'x': -0.6, 'y': 1.6, 'z': 1.4}"
2110,10.05,1,"{'x': -0.6, 'y': 1.6, 'z': 1.4}"
2111,10.01,1,"{'x': -0.5, 'y': 1.7, 'z': 1.4}"
2112,10.14,1,"{'x': -0.5, 'y': 1.7, 'z': 1.4}"
2113,9.89,1,"{'x': -0.5, 'y': 1.8, 'z': 1.4}"
2114,10.08,1,"{'x': -0.4, 'y': 1.7, 'z': 1.4}"
2115,10.08,1,"{'x': -0.3, 'y': 1.7, 'z': 1.4}"
2116,10.02,1,"{'x': -0.3, 'y': 1.8, 'z': 1.2}"
2117,10.02,1,"{'x': -0.3, 'y': 1.8, 'z': 1.3}"
2118,10.02,1,"{'x': -0.3, 'y': 1.9, 'z': 1.1}"
2119,9.95,1,"{'x': -0.4, 'y': 1.9, 'z': 1.1}"
2120,10.08,1,"{'x': -0.4, 'y': 2.0, 'z': 1.3}"
2121,10.02,1,"{'x': -0.4, 'y': 2.1, 'z': 1.2}"
2122,10.02,1,"{'x': -0.4, 'y': 2.1, 'z': 1.2}"
2123,10.01,1,"{'x': -0.5, 'y': 2.2, 'z': 1.1}"
2124,10.06,1,"{'x': -0.5, 'y': 2.2, 'z': 1.1}"
2125,10.04,1,"{'x': -0.5, 'y': 2.2, 'z': 0.9}"
2126,9.89,1,"{'x': -0.5, 'y': 2.3, 'z': 0.8}"
2127,10.08,1,"{'x': -0.4, 'y': 2.2, 'z': 0.9}"
2128,9.88,1,"{'x': -0.4, 'y': 2.3, 'z': 1.0}"
2129,10.23,1,"{'x': -0.4, 'y': 2.3, 'z': 1.0}"
2130,10.14,1,"{'x': -0.4, 'y': 2.3, 'z': 1.0}"
2131,9.83,1,"{'x': -0.5, 'y': 2.3, 'z': 0.9}"
2132,10.01,1,"{'x': -0.4, 'y': 2.3, 'z': 0.9}"
2133,9.95,1,"{'x': -0.4, 'y': 2.3, 'z': 0.8}"
2134,10.02,1,"{'x': -0.4, 'y': 2.2, 'z': 0.8}"
2135,10.02,1,"{'x': -0.4, 'y': 2.2, 'z': 0.7}"
2136,10.02,1,"{'x': -0.4, 'y': 2.2, 'z': 0.7}"
2137,10.01,1,"{'x': -0.4, 'y': 2.1, 'z': 0.6}"
2138,10.15,1,"{'x': -0.4, 'y': 2.2, 'z': 0.6}"
2139,9.95,1,"{'x': -0.4, 'y': 2.3, 'z': 0.7}"
2140,9.99,1,"{'x': -0.4, 'y': 2.3, 'z': 0.7}"
2141,9.98,1,"{'x': -0.4, 'y': 2.3, 'z': 0.7}"
2142,10.14,1,"{'x': -0.4, 'y': 2.3, 'z': 0.9}"
2143,10.14,1,"{'x': -0.4, 'y': 2.3, 'z': 0.9}"
2144,9.83,1,"{'x': -0.4, 'y': 2.4, 'z': 0.9}"
2145,10.01,1,"{'x': -0.4, 'y': 2.4, 'z': 0.9}"
2146,10.08,1,"{'x': -0.4, 'y': 2.4, 'z': 0.9}"
2147,9.95,1,"{'x': -0.4, 'y': 2.5, 'z': 1.0}"
2148,10.08,1,"{'x': -0.3, 'y': 2.4, 'z': 0.9}"
2149,9.95,1,"{'x': -0.3, 'y': 2.4, 'z': 0.9}"
2150,10.02,1,"{'x': -0.3, 'y': 2.4, 'z': 0.9}"
2151,9.95,1,"{'x': -0.3, 'y': 2.4, 'z': 0.9}"
2152,10.08,1,"{'x': -0.3, 'y': 2.4, 'z': 0.9}"
2153,9.95,1,"{'x': -0.4, 'y': 2.4, 'z': 0.9}"
2154,10.02,1,"{'x': -0.4, 'y': 2.3, 'z': 0.8}"
2155,10.08,1,"{'x': -0.4, 'y': 2.4, 'z': 0.9}"
2156,10.02,1,"{'x': -0.3, 'y': 2.4, 'z': 0.9}"
2157,10.02,1,"{'x': -0.4, 'y': 2.4, 'z': 0.9}"
2158,10.02,1,"{'x': -0.3, 'y': 2.4, 'z': 0.9}"
2159,10.02,1,"{'x': -0.3, 'y': 2.3, 'z': 0.9}"
2160,10.08,1,"{'x': -0.3, 'y': 2.4, 'z': 0.9}"
2161,9.95,1,"{'x': -0.3, 'y': 2.4, 'z': 0.9}"
2162,10.02,1,"{'x': -0.3, 'y': 2.4, 'z': 0.9}"
2163,10.06,1,"{'x': -0.3, 'y': 2.3, 'z': 0.8}"
2164,9.97,1,"{'x': -0.4, 'y': 2.4, 'z': 0.8}"
2165,10.01,1,"{'x': -0.4, 'y': 2.3, 'z': 0.9}"
2166,10.02,1,"{'x': -0.3, 'y': 2.3, 'z': 0.9}"
2167,10.02,1,"{'x': -0.3, 'y': 2.3, 'z': 1.0}"
2168,9.95,1,"{'x': -0.4, 'y': 2.3, 'z': 1.0}"
2169,10.08,1,"{'x': -0.3, 'y': 2.3, 'z': 1.0}"
2170,10.06,1,"{'x': -0.4, 'y': 2.3, 'z': 1.0}"
2171,9.98,1,"{'x': -0.4, 'y': 2.3, 'z': 0.9}"
2172,10.08,1,"{'x': -0.3, 'y': 2.3, 'z': 1.0}"
2173,10.02,1,"{'x': -0.3, 'y': 2.3, 'z': 0.9}"
2174,10.01,1,"{'x': -0.3, 'y': 2.3, 'z': 1.0}"
2175,10.0,1,"{'x': -0.3, 'y': 2.3, 'z': 1.0}"
2176,9.91,1,"{'x': -0.3, 'y': 2.3, 'z': 1.0}"
2177,10.08,1,"{'x': -0.4, 'y': 2.3, 'z': 1.0}"
2178,10.02,1,"{'x': -0.4, 'y': 2.3, 'z': 1.0}"
2179,9.95,1,"{'x': -0.4, 'y': 2.3, 'z': 0.9}"
2180,10.14,1,"{'x': -0.4, 'y': 2.3, 'z': 0.9}"
2181,9.96,1,"{'x': -0.4, 'y': 2.3, 'z': 0.9}"
2182,10.08,1,"{'x': -0.4, 'y': 2.4, 'z': 0.8}"
2183,9.95,1,"{'x': -0.4, 'y': 2.4, 'z': 0.8}"
2184,10.08,1,"{'x': -0.4, 'y': 2.3, 'z': 0.9}"
2185,9.94,1,"{'x': -0.4, 'y': 2.3, 'z': 0.9}"
2186,9.97,1,"{'x': -0.4, 'y': 2.3, 'z': 0.9}"
2187,10.08,1,"{'x': -0.4, 'y': 2.3, 'z': 0.9}"
2188,10.02,1,"{'x': -0.3, 'y': 2.3, 'z': 0.9}"
2189,9.95,1,"{'x': -0.3, 'y': 2.3, 'z': 0.9}"
2190,10.08,1,"{'x': -0.4, 'y': 2.3, 'z': 0.9}"
2191,10.01,1,"{'x': -0.4, 'y': 2.4, 'z': 0.9}"
2192,9.96,1,"{'x': -0.4, 'y': 2.4, 'z': 0.9}"
2193,10.08,1,"{'x': -0.4, 'y': 2.4, 'z': 0.9}"
2194,10.02,1,"{'x': -0.4, 'y': 2.4, 'z': 0.9}"
2195,10.08,1,"{'x': -0.4, 'y': 2.4, 'z': 0.9}"
2196,9.96,1,"{'x': -0.4, 'y': 2.4, 'z': 0.9}"
2197,10.08,1,"{'x': -0.4, 'y': 2.4, 'z': 0.8}"
2198,10.02,1,"{'x': -0.4, 'y': 2.4, 'z': 0.8}"
2199,10.01,1,"{'x': -0.4, 'y': 2.4, 'z': 0.9}"
2200,10.02,1,"{'x': -0.4, 'y': 2.3, 'z': 0.9}"
2201,9.83,1,"{'x': -0.4, 'y': 2.3, 'z': 1.0}"
2202,10.21,1,"{'x': -0.3, 'y': 2.3, 'z': 1.0}"
2203,9.95,1,"{'x': -0.3, 'y': 2.3, 'z': 0.9}"
2204,9.96,1,"{'x': -0.4, 'y': 2.3, 'z': 0.9}"
2205,10.14,1,"{'x': -0.4, 'y': 2.4, 'z': 0.9}"
2206,10.02,1,"{'x': -0.4, 'y': 2.4, 'z': 0.9}"
2207,10.01,1,"{'x': -0.4, 'y': 2.4, 'z': 0.8}"
2208,10.02,1,"{'x': -0.4, 'y': 2.4, 'z': 0.8}"
2209,10.0,1,"{'x': -0.3, 'y': 2.3, 'z': 0.8}"
2210,9.97,1,"{'x': -0.3, 'y': 2.3, 'z': 0.9}"
2211,10.08,1,"{'x': -0.3, 'y': 2.3, 'z': 0.9}"
2212,9.93,1,"{'x': -0.3, 'y': 2.4, 'z': 0.9}"
2213,10.1,1,"{'x': -0.4, 'y': 2.4, 'z': 0.9}"
2214,9.95,1,"{'x': -0.4, 'y': 2.4, 'z': 0.9}"
2215,10.08,1,"{'x': -0.4, 'y': 2.4, 'z': 0.9}"
2216,10.02,1,"{'x': -0.4, 'y': 2.4, 'z': 0.9}"
2217,10.02,1,"{'x': -0.4, 'y': 2.4, 'z': 0.9}"
2218,9.95,1,"{'x': -0.4, 'y': 2.4, 'z': 0.9}"
2219,10.06,1,"{'x': -0.4, 'y': 2.4, 'z': 0.9}"
2220,10.05,1,"{'x': -0.4, 'y': 2.4, 'z': 0.8}"
2221,9.99,1,"{'x': -0.4, 'y': 2.4, 'z': 0.8}"
2222,10.02,1,"{'x': -0.4, 'y': 2.4, 'z': 0.8}"
2223,10.01,1,"{'x': -0.4, 'y': 2.4, 'z': 0.9}"
2224,10.0,1,"{'x': -0.4, 'y': 2.4, 'z': 0.9}"
2225,9.97,1,"{'x': -0.4, 'y': 2.4, 'z': 0.9}"
2226,9.89,1,"{'x': -0.4, 'y': 2.3, 'z': 0.9}"
2227,10.21,1,"{'x': -0.4, 'y': 2.4, 'z': 0.9}"
2228,9.95,1,"{'x': -0.4, 'y': 2.4, 'z': 0.9}"
2229,10.08,1,"{'x': -0.4, 'y': 2.4, 'z': 0.8}"
2230,9.99,1,"{'x': -0.4, 'y': 2.4, 'z': 0.9}"
2231,9.99,1,"{'x': -0.4, 'y': 2.4, 'z': 0.9}"
2232,10.06,1,"{'x': -0.4, 'y': 2.4, 'z': 0.9}"
2233,10.03,1,"{'x': -0.4, 'y': 2.3, 'z': 0.9}"
2234,10.02,1,"{'x': -0.4, 'y': 2.3, 'z': 0.9}"
2235,9.95,1,"{'x': -0.4, 'y': 2.4, 'z': 0.8}"
2236,10.02,1,"{'x': -0.4, 'y': 2.4, 'z': 0.9}"
2237,10.02,1,"{'x': -0.4, 'y': 2.4, 'z': 0.9}"
2238,10.02,1,"{'x': -0.4, 'y': 2.4, 'z': 0.9}"
2239,10.02,1,"{'x': -0.4, 'y': 2.4, 'z': 0.9}"
2240,10.02,1,"{'x': -0.4, 'y': 2.4, 'z': 0.9}"
2241,10.08,1,"{'x': -0.4, 'y': 2.4, 'z': 0.9}"
2242,9.95,1,"{'x': -0.4, 'y': 2.4, 'z': 0.8}"
2243,10.08,1,"{'x': -0.4, 'y': 2.4, 'z': 0.8}"
2244,9.96,1,"{'x': -0.4, 'y': 2.4, 'z': 0.8}"
2245,10.0,1,"{'x': -0.4, 'y': 2.4, 'z': 0.9}"
2246,9.97,1,"{'x': -0.4, 'y': 2.4, 'z': 0.9}"
2247,10.01,1,"{'x': -0.4, 'y': 2.4, 'z': 0.9}"
2248,10.02,1,"{'x': -0.4, 'y': 2.4, 'z': 0.9}"
2249,10.08,1,"{'x': -0.4, 'y': 2.4, 'z': 0.8}"
2250,9.95,1,"{'x': -0.4, 'y': 2.4, 'z': 0.8}"
2251,9.95,1,"{'x': -0.4, 'y': 2.4, 'z': 0.9}"
2252,10.08,1,"{'x': -0.4, 'y': 2.4, 'z': 0.8}"
2253,10.14,1,"{'x': -0.4, 'y': 2.4, 'z': 0.8}"
2254,9.95,1,"{'x': -0.4, 'y': 2.3, 'z': 0.9}"
2255,9.95,1,"{'x': -0.4, 'y': 2.3, 'z': 0.9}"
2256,10.02,1,"{'x': -0.4, 'y': 2.3, 'z': 0.9}"
2257,10.08,1,"{'x': -0.4, 'y': 2.4, 'z': 0.8}"
2258,9.93,1,"{'x': -0.4, 'y': 2.4, 'z': 0.8}"
2259,10.04,1,"{'x': -0.3, 'y': 2.4, 'z': 0.8}"
2260,10.01,1,"{'x': -0.4, 'y': 2.4, 'z': 0.8}"
2261,10.02,1,"{'x': -0.4, 'y': 2.4, 'z': 0.8}"
2262,10.02,1,"{'x': -0.4, 'y': 2.4, 'z': 0.8}"
2263,9.95,1,"{'x': -0.3, 'y': 2.3, 'z': 0.9}"
2264,10.08,1,"{'x': -0.3, 'y': 2.3, 'z': 0.9}"
2265,10.02,1,"{'x': -0.4, 'y': 2.3, 'z': 0.9}"
2266,9.95,1,"{'x': -0.4, 'y': 2.4, 'z': 0.9}"
2267,10.01,1,"{'x': -0.4, 'y': 2.4, 'z': 0.9}"
2268,10.08,1,"{'x': -0.4, 'y': 2.3, 'z': 0.9}"
2269,10.02,1,"{'x': -0.4, 'y': 2.4, 'z': 0.9}"
2270,10.01,1,"{'x': -0.4, 'y': 2.4, 'z': 0.9}"
2271,10.06,1,"{'x': -0.4, 'y': 2.4, 'z': 0.9}"
2272,10.04,1,"{'x': -0.4, 'y': 2.4, 'z': 0.9}"
2273,10.02,1,"{'x': -0.4, 'y': 2.4, 'z': 0.9}"
2274,9.95,1,"{'x': -0.4, 'y': 2.3, 'z': 0.8}"
2275,10.08,1,"{'x': -0.4, 'y': 2.4, 'z': 0.9}"
2276,9.89,1,"{'x': -0.4, 'y': 2.4, 'z': 0.9}"
2277,10.08,1,"{'x': -0.4, 'y': 2.4, 'z': 0.9}"
2278,10.08,1,"{'x': -0.4, 'y': 2.3, 'z': 0.9}"
2279,9.95,1,"{'x': -0.4, 'y': 2.3, 'z': 0.9}"
2280,10.08,1,"{'x': -0.4, 'y': 2.4, 'z': 0.9}"
2281,9.89,1,"{'x': -0.4, 'y': 2.4, 'z': 0.9}"
2282,10.14,1,"{'x': -0.4, 'y': 2.4, 'z': 0.9}"
2283,10.0,1,"{'x': -0.3, 'y': 2.3, 'z': 0.8}"
2284,10.04,1,"{'x': -0.3, 'y': 2.3, 'z': 0.8}"
2285,10.0,1,"{'x': -0.3, 'y': 2.4, 'z': 0.8}"
2286,9.97,1,"{'x': -0.4, 'y': 2.4, 'z': 0.8}"
2287,10.06,1,"{'x': -0.4, 'y': 2.4, 'z': 0.9}"
2288,9.97,1,"{'x': -0.4, 'y': 2.4, 'z': 0.9}"
2289,10.01,1,"{'x': -0.4, 'y': 2.4, 'z': 0.9}"
2290,10.05,1,"{'x': -0.4, 'y': 2.4, 'z': 0.9}"
2291,9.98,1,"{'x': -0.4, 'y': 2.3, 'z': 0.9}"
2292,10.08,1,"{'x': -0.3, 'y': 2.3, 'z': 0.9}"
2293,9.96,1,"{'x': -0.3, 'y': 2.3, 'z': 1.0}"
2294,10.08,1,"{'x': -0.3, 'y': 2.3, 'z': 1.0}"
2295,10.01,1,"{'x': -0.3, 'y': 2.3, 'z': 1.0}"
2296,9.96,1,"{'x': -0.3, 'y': 2.3, 'z': 1.0}"
2297,10.01,1,"{'x': -0.3, 'y': 2.3, 'z': 0.9}"
2298,10.0,1,"{'x': -0.3, 'y': 2.3, 'z': 0.9}"
2299,10.05,1,"{'x': -0.3, 'y': 2.3, 'z': 0.9}"
2300,10.0,1,"{'x': -0.4, 'y': 2.3, 'z': 0.9}"
2301,9.87,1,"{'x': -0.4, 'y': 2.4, 'z': 0.9}"
2302,10.18,1,"{'x': -0.4, 'y': 2.4, 'z': 0.9}"
2303,10.06,1,"{'x': -0.4, 'y': 2.4, 'z': 0.9}"
2304,10.02,1,"{'x': -0.4, 'y': 2.4, 'z': 0.8}"
2305,10.02,1,"{'x': -0.3, 'y': 2.4, 'z': 0.9}"
2306,9.95,1,"{'x': -0.4, 'y': 2.4, 'z': 0.9}"
2307,10.01,1,"{'x': -0.4, 'y': 2.4, 'z': 0.9}"
2308,10.02,1,"{'x': -0.3, 'y': 2.4, 'z': 0.9}"
2309,10.01,1,"{'x': -0.4, 'y': 2.4, 'z': 0.9}"
2310,10.06,1,"{'x': -0.4, 'y': 2.4, 'z': 0.8}"
2311,9.98,1,"{'x': -0.4, 'y': 2.4, 'z': 0.9}"
2312,10.01,1,"{'x': -0.4, 'y': 2.4, 'z': 0.9}"
2313,10.08,1,"{'x': -0.4, 'y': 2.4, 'z': 0.9}"
2314,9.95,1,"{'x': -0.4, 'y': 2.3, 'z': 0.9}"
2315,10.08,1,"{'x': -0.3, 'y': 2.4, 'z': 0.8}"
2316,10.0,1,"{'x': -0.4, 'y': 2.4, 'z': 0.8}"
2317,10.03,1,"{'x': -0.4, 'y': 2.4, 'z': 0.8}"
2318,9.95,1,"{'x': -0.4, 'y': 2.4, 'z': 0.8}"
2319,10.02,1,"{'x': -0.4, 'y': 2.4, 'z': 0.8}"
2320,10.06,1,"{'x': -0.4, 'y': 2.4, 'z': 0.9}"
2321,9.97,1,"{'x': -0.4, 'y': 2.4, 'z': 0.8}"
2322,10.01,1,"{'x': -0.4, 'y': 2.4, 'z': 0.9}"
2323,10.08,1,"{'x': -0.4, 'y': 2.4, 'z': 0.9}"
2324,9.95,1,"{'x': -0.4, 'y': 2.4, 'z': 0.9}"
2325,10.08,1,"{'x': -0.4, 'y': 2.4, 'z': 0.9}"
2326,9.81,1,"{'x': -0.4, 'y': 2.4, 'z': 0.9}"
2327,10.18,1,"{'x': -0.4, 'y': 2.4, 'z': 0.8}"
2328,9.95,1,"{'x': -0.4, 'y': 2.4, 'z': 0.9}"
2329,10.06,1,"{'x': -0.4, 'y': 2.4, 'z': 0.9}"
2330,10.04,1,"{'x': -0.4, 'y': 2.4, 'z': 0.8}"
2331,10.01,1,"{'x': -0.4, 'y': 2.4, 'z': 0.9}"
2332,10.02,1,"{'x': -0.4, 'y': 2.4, 'z': 0.9}"
2333,10.08,1,"{'x': -0.4, 'y': 2.4, 'z': 0.9}"
2334,9.96,1,"{'x': -0.4, 'y': 2.4, 'z': 0.9}"
2335,10.06,1,"{'x': -0.4, 'y': 2.3, 'z': 0.9}"
2336,10.0,1,"{'x': -0.3, 'y': 2.3, 'z': 0.9}"
2337,9.99,1,"{'x': -0.3, 'y': 2.3, 'z': 0.9}"
2338,10.01,1,"{'x': -0.3, 'y': 2.3, 'z': 1.0}"
2339,10.02,1,"{'x': -0.3, 'y': 2.3, 'z': 1.0}"
2340,10.01,1,"{'x': -0.3, 'y': 2.3, 'z': 0.9}"
2341,9.95,1,"{'x': -0.4, 'y': 2.3, 'z': 0.9}"
2342,10.08,1,"{'x': -0.4, 'y': 2.4, 'z': 0.9}"
2343,10.06,1,"{'x': -0.4, 'y': 2.4, 'z': 0.9}"
2344,9.98,1,"{'x': -0.4, 'y': 2.4, 'z': 0.9}"
2345,10.01,1,"{'x': -0.4, 'y': 2.3, 'z': 1.0}"
2346,10.0,1,"{'x': -0.4, 'y': 2.4, 'z': 0.9}"
2347,10.05,1,"{'x': -0.4, 'y': 2.4, 'z': 0.9}"
2348,10.0,1,"{'x': -0.4, 'y': 2.4, 'z': 0.9}"
2349,10.02,1,"{'x': -0.4, 'y': 2.4, 'z': 0.8}"
2350,10.02,1,"{'x': -0.4, 'y': 2.4, 'z': 0.8}"
2351,9.89,1,"{'x': -0.4, 'y': 2.4, 'z': 0.8}"
2352,10.21,1,"{'x': -0.4, 'y': 2.3, 'z': 0.9}"
2353,9.95,1,"{'x': -0.4, 'y': 2.4, 'z': 0.8}"
2354,10.0,1,"{'x': -0.3, 'y': 2.3, 'z': 0.8}"
2355,10.1,1,"{'x': -0.3, 'y': 2.3, 'z': 0.9}"
2356,9.95,1,"{'x': -0.4, 'y': 2.4, 'z': 0.9}"
2357,10.02,1,"{'x': -0.4, 'y': 2.4, 'z': 0.9}"
2358,10.01,1,"{'x': -0.4, 'y': 2.4, 'z': 0.8}"
2359,10.02,1,"{'x': -0.4, 'y': 2.4, 'z': 0.8}"
2360,10.01,1,"{'x': -0.4, 'y': 2.4, 'z': 0.8}"
2361,10.02,1,"{'x': -0.4, 'y': 2.4, 'z': 0.8}"
2362,10.0,1,"{'x': -0.4, 'y': 2.4, 'z': 0.8}"
2363,10.1,1,"{'x': -0.4, 'y': 2.4, 'z': 0.8}"
2364,10.0,1,"{'x': -0.3, 'y': 2.3, 'z': 0.9}"
2365,9.99,1,"{'x': -0.4, 'y': 2.3, 'z': 0.9}"
2366,9.99,1,"{'x': -0.4, 'y': 2.4, 'z': 0.9}"
2367,10.06,1,"{'x': -0.4, 'y': 2.4, 'z': 0.9}"
2368,9.97,1,"{'x': -0.4, 'y': 2.4, 'z': 0.9}"
2369,9.99,1,"{'x': -0.4, 'y': 2.4, 'z': 0.9}"
2370,10.1,1,"{'x': -0.4, 'y': 2.4, 'z': 0.9}"
2371,9.95,1,"{'x': -0.4, 'y': 2.4, 'z': 0.8}"
2372,10.02,1,"{'x': -0.4, 'y': 2.4, 'z': 0.8}"
2373,10.02,1,"{'x': -0.4, 'y': 2.4, 'z': 0.8}"
2374,10.02,1,"{'x': -0.4, 'y': 2.4, 'z': 0.8}"
2375,10.02,1,"{'x': -0.4, 'y': 2.4, 'z': 0.9}"
2376,9.89,1,"{'x': -0.4, 'y': 2.4, 'z': 0.9}"
2377,10.14,1,"{'x': -0.4, 'y': 2.4, 'z': 0.9}"
2378,10.02,1,"{'x': -0.4, 'y': 2.4, 'z': 0.9}"
2379,10.02,1,"{'x': -0.4, 'y': 2.4, 'z': 0.8}"
2380,10.01,1,"{'x': -0.4, 'y': 2.4, 'z': 0.8}"
2381,10.02,1,"{'x': -0.4, 'y': 2.4, 'z': 0.8}"
2382,10.08,1,"{'x': -0.4, 'y': 2.4, 'z': 0.9}"
2383,9.99,1,"{'x': -0.4, 'y': 2.4, 'z': 0.9}"
2384,9.99,1,"{'x': -0.4, 'y': 2.4, 'z': 0.9}"
2385,10.0,1,"{'x': -0.4, 'y': 2.3, 'z': 0.9}"
2386,10.02,1,"{'x': -0.4, 'y': 2.4, 'z': 0.9}"
2387,10.02,1,"{'x': -0.4, 'y': 2.4, 'z': 0.9}"
2388,10.02,1,"{'x': -0.4, 'y': 2.3, 'z': 0.9}"
2389,10.01,1,"{'x': -0.4, 'y': 2.4, 'z': 0.9}"
2390,10.02,1,"{'x': -0.4, 'y': 2.3, 'z': 0.9}"
2391,10.01,1,"{'x': -0.4, 'y': 2.4, 'z': 0.9}"
2392,10.02,1,"{'x': -0.3, 'y': 2.4, 'z': 0.9}"
2393,10.02,1,"{'x': -0.4, 'y': 2.4, 'z': 0.9}"
2394,10.01,1,"{'x': -0.4, 'y': 2.4, 'z': 0.9}"
2395,10.02,1,"{'x': -0.4, 'y': 2.4, 'z': 0.8}"
2396,9.96,1,"{'x': -0.4, 'y': 2.3, 'z': 0.9}"
2397,10.06,1,"{'x': -0.3, 'y': 2.3, 'z': 0.9}"
2398,10.1,1,"{'x': -0.3, 'y': 2.4, 'z': 0.9}"
2399,9.95,1,"{'x': -0.4, 'y': 2.4, 'z': 0.8}"
2400,10.0,1,"{'x': -0.4, 'y': 2.4, 'z': 0.9}"
2401,9.91,1,"{'x': -0.4, 'y': 2.4, 'z': 0.9}"
2402,10.12,1,"{'x': -0.4, 'y': 2.4, 'z': 0.9}"
2403,10.04,1,"{'x': -0.4, 'y': 2.4, 'z': 0.9}"
2404,10.01,1,"{'x': -0.4, 'y': 2.4, 'z': 0.9}"
2405,10.01,1,"{'x': -0.4, 'y': 2.4, 'z': 0.9}"
2406,10.02,1,"{'x': -0.4, 'y': 2.4, 'z': 0.9}"
2407,10.02,1,"{'x': -0.4, 'y': 2.4, 'z': 0.9}"
2408,10.06,1,"{'x': -0.4, 'y': 2.4, 'z': 0.9}"
2409,9.91,1,"{'x': -0.3, 'y': 2.4, 'z': 0.9}"
2410,10.08,1,"{'x': -0.4, 'y': 2.4, 'z': 0.9}"
2411,10.02,1,"{'x': -0.4, 'y': 2.4, 'z': 0.9}"
2412,10.02,1,"{'x': -0.4, 'y': 2.4, 'z': 0.9}"
2413,10.02,1,"{'x': -0.4, 'y': 2.4, 'z': 0.9}"
2414,10.01,1,"{'x': -0.4, 'y': 2.4, 'z': 0.9}"
2415,10.06,1,"{'x': -0.4, 'y': 2.4, 'z': 0.9}"
2416,9.93,1,"{'x': -0.4, 'y': 2.4, 'z': 0.9}"
2417,10.06,1,"{'x': -0.4, 'y': 2.4, 'z': 0.9}"
2418,10.02,1,"{'x': -0.4, 'y': 2.4, 'z': 0.9}"
2419,9.95,1,"{'x': -0.4, 'y': 2.4, 'z': 0.9}"
2420,10.08,1,"{'x': -0.4, 'y': 2.4, 'z': 0.9}"
2421,9.95,1,"{'x': -0.4, 'y': 2.4, 'z': 0.9}"
2422,10.02,1,"{'x': -0.4, 'y': 2.4, 'z': 0.9}"
2423,9.95,1,"{'x': -0.4, 'y': 2.4, 'z': 0.9}"
2424,10.08,1,"{'x': -0.4, 'y': 2.4, 'z': 0.9}"
2425,9.95,1,"{'x': -0.3, 'y': 2.3, 'z': 1.0}"
2426,10.0,1,"{'x': -0.4, 'y': 2.4, 'z': 1.0}"
2427,10.09,1,"{'x': -0.4, 'y': 2.4, 'z': 1.0}"
2428,10.06,1,"{'x': -0.4, 'y': 2.4, 'z': 0.9}"
2429,9.98,1,"{'x': -0.4, 'y': 2.4, 'z': 0.9}"
2430,9.95,1,"{'x': -0.4, 'y': 2.3, 'z': 0.8}"
2431,10.0,1,"{'x': -0.4, 'y': 2.3, 'z': 0.8}"
2432,10.03,1,"{'x': -0.4, 'y': 2.2, 'z': 0.7}"
2433,10.02,1,"{'x': -0.4, 'y': 2.1, 'z': 0.7}"
2434,10.02,1,"{'x': -0.4, 'y': 2.1, 'z': 0.7}"
2435,10.02,1,"{'x': -0.4, 'y': 2.0, 'z': 0.7}"
2436,9.95,1,"{'x': -0.3, 'y': 1.9, 'z': 0.9}"
2437,10.08,1,"{'x': -0.3, 'y': 1.8, 'z': 0.9}"
2438,10.02,1,"{'x': -0.3, 'y': 1.8, 'z': 1.0}"
2439,9.95,1,"{'x': -0.4, 'y': 1.8, 'z': 0.9}"
2440,10.01,1,"{'x': -0.4, 'y': 1.8, 'z': 1.1}"
2441,9.95,1,"{'x': -0.4, 'y': 1.9, 'z': 1.1}"
2442,10.12,1,"{'x': -0.4, 'y': 1.9, 'z': 1.1}"
2443,9.99,1,"{'x': -0.4, 'y': 1.9, 'z': 1.1}"
2444,10.06,1,"{'x': -0.4, 'y': 1.9, 'z': 1.1}"
2445,9.9,1,"{'x': -0.4, 'y': 1.9, 'z': 1.2}"
2446,10.08,1,"{'x': -0.4, 'y': 1.9, 'z': 1.2}"
2447,9.95,1,"{'x': -0.4, 'y': 1.9, 'z': 1.2}"
2448,10.01,1,"{'x': -0.5, 'y': 1.9, 'z': 1.3}"
2449,10.08,1,"{'x': -0.5, 'y': 1.8, 'z': 1.3}"
2450,10.01,1,"{'x': -0.4, 'y': 1.8, 'z': 1.2}"
2451,9.87,1,"{'x': -0.4, 'y': 1.8, 'z': 1.3}"
2452,10.12,1,"{'x': -0.4, 'y': 1.7, 'z': 1.3}"
2453,10.06,1,"{'x': -0.4, 'y': 1.7, 'z': 1.3}"
2454,10.03,1,"{'x': -0.4, 'y': 1.7, 'z': 1.3}"
2455,9.95,1,"{'x': -0.4, 'y': 1.5, 'z': 1.3}"
2456,10.06,1,"{'x': -0.3, 'y': 1.5, 'z': 1.3}"
2457,10.03,1,"{'x': -0.3, 'y': 1.4, 'z': 1.3}"
2458,10.07,1,"{'x': -0.3, 'y': 1.4, 'z': 1.3}"
2459,10.01,1,"{'x': -0.3, 'y': 1.3, 'z': 1.4}"
2460,10.06,1,"{'x': -0.3, 'y': 1.3, 'z': 1.3}"
2461,9.82,1,"{'x': -0.2, 'y': 1.1, 'z': 1.4}"
2462,10.02,1,"{'x': 0.1, 'y': 1.0, 'z': 1.1}"
2463,10.13,1,"{'x': 0.2, 'y': 0.9, 'z': 1.0}"
2464,9.97,1,"{'x': 0.1, 'y': 0.9, 'z': 1.2}"
2465,10.08,1,"{'x': 0.4, 'y': 0.9, 'z': 0.8}"
2466,9.95,1,"{'x': 0.4, 'y': 0.9, 'z': 0.9}"
2467,10.15,1,"{'x': 0.5, 'y': 1.0, 'z': 0.9}"
2468,9.95,1,"{'x': 0.5, 'y': 0.9, 'z': 1.0}"
2469,9.89,1,"{'x': 0.4, 'y': 0.9, 'z': 1.1}"
2470,9.95,1,"{'x': 0.4, 'y': 0.9, 'z': 1.1}"
2471,10.06,1,"{'x': 0.5, 'y': 0.8, 'z': 1.1}"
2472,10.09,1,"{'x': 0.3, 'y': 0.7, 'z': 1.3}"
2473,10.08,1,"{'x': 0.4, 'y': 0.7, 'z': 1.3}"
2474,9.95,1,"{'x': 0.4, 'y': 0.7, 'z': 1.2}"
2475,10.07,1,"{'x': 0.4, 'y': 0.6, 'z': 1.3}"
2476,9.81,1,"{'x': 0.4, 'y': 0.6, 'z': 1.1}"
2477,10.18,1,"{'x': 0.4, 'y': 0.7, 'z': 1.1}"
2478,10.02,1,"{'x': 0.5, 'y': 0.7, 'z': 1.1}"
2479,10.02,1,"{'x': 0.5, 'y': 0.7, 'z': 1.0}"
2480,10.08,1,"{'x': 0.5, 'y': 0.7, 'z': 1.0}"
2481,9.99,1,"{'x': 0.7, 'y': 0.7, 'z': 1.0}"
2482,9.99,1,"{'x': 0.6, 'y': 0.7, 'z': 1.0}"
2483,10.07,1,"{'x': 0.6, 'y': 0.7, 'z': 0.8}"
2484,10.02,1,"{'x': 0.5, 'y': 0.6, 'z': 0.9}"
2485,9.99,1,"{'x': 0.5, 'y': 0.6, 'z': 0.8}"
2486,10.05,1,"{'x': 0.5, 'y': 0.6, 'z': 0.8}"
2487,10.0,1,"{'x': 0.5, 'y': 0.5, 'z': 0.8}"
2488,10.03,1,"{'x': 0.5, 'y': 0.5, 'z': 0.8}"
2489,10.08,1,"{'x': 0.5, 'y': 0.5, 'z': 0.8}"
2490,10.02,1,"{'x': 0.5, 'y': 0.5, 'z': 0.8}"
2491,9.95,1,"{'x': 0.5, 'y': 0.5, 'z': 0.8}"
2492,10.01,1,"{'x': 0.6, 'y': 0.5, 'z': 0.9}"
2493,10.02,1,"{'x': 0.6, 'y': 0.5, 'z': 1.0}"
2494,10.05,1,"{'x': 0.5, 'y': 0.6, 'z': 0.9}"
2495,9.99,1,"{'x': 0.6, 'y': 0.5, 'z': 1.0}"
2496,10.07,1,"{'x': 0.5, 'y': 0.5, 'z': 0.9}"
2497,10.02,1,"{'x': 0.5, 'y': 0.5, 'z': 0.7}"
2498,10.01,1,"{'x': 0.5, 'y': 0.5, 'z': 0.8}"
2499,10.0,1,"{'x': 0.5, 'y': 0.5, 'z': 0.7}"
2500,10.03,1,"{'x': 0.5, 'y': 0.6, 'z': 0.7}"
2501,9.89,1,"{'x': 0.5, 'y': 0.5, 'z': 0.8}"
2502,10.06,1,"{'x': 0.4, 'y': 0.6, 'z': 0.7}"
2503,10.04,1,"{'x': 0.4, 'y': 0.5, 'z': 0.7}"
2504,10.02,1,"{'x': 0.4, 'y': 0.6, 'z': 0.6}"
2505,10.02,1,"{'x': 0.4, 'y': 0.6, 'z': 0.6}"
